player_name,dg_id,skill_pred,custom_pred,p_make_cut,p_make_cut_model,top20_prob_model,top20_fair_odds_dec,top20_prob_anchored,top20_fair_odds_dec_anchored,top20_prob_dh,top20_fair_odds_dec_dh,top20_prob_anchored_dh,top20_fair_odds_dec_anchored_dh,sg_app,sg_ott,sg_arg,sg_putt,total_fit_adjustment,total_course_history_adjustment,timing_adjustment,std_deviation,make_cut_fair_odds_dec_model,p_miss_cut_model,miss_cut_fair_odds_dec_model,market_odds_best_dec,market_book_best,market_prob_best,edge_prob,ev_per_unit,value_flag,bet_flag
"MacIntyre, Robert",23323,0.33345,0.3042100485747851,0.8,0.6785,0.26975,3.70713623725672,0.3546848269214445,2.8194045081648778,0.2690912083749583,3.716212083029392,0.353818604888061,2.8263070007762137,0.216,0.511,0.231,0.638,0.0395424163330625,-0.0033823557483839,-0.16512537635551,2.76968773796146,1.4738393515106851,0.3215,3.1104199066874028,4.2,betmgm,0.23809523809523808,0.08340476190476193,0.35030000000000017,True,True
"Spieth, Jordan",14636,0.3252,0.3439566674057299,0.7299270072992701,0.6916,0.2903,3.444712366517396,0.306356352120102,3.264172565966468,0.2906486546786547,3.440580177828844,0.3067242907198342,3.260256948196556,0.44,0.144,0.193,0.279,0.0293055329423813,0.340971919300296,-0.0061124092676152,2.80752467766666,1.4459224985540775,0.3084,3.2425421530479897,4.35,unibet,0.2298850574712644,0.07851494252873562,0.34153999999999995,True,True
"McCarthy, Denny",19870,0.09655,0.1244451514463397,0.6493506493506493,0.61305,0.1902,5.257623554153523,0.2008580855487104,4.978639506934303,0.1912217689255189,5.229530118976678,0.201937110523752,4.952036787128234,0.189,-0.234,0.097,0.414,0.0984843095674438,0.241092964231386,0.0299603613901304,2.74396725366532,1.6311883206916238,0.38695,2.584313218762114,3.0,bet365,0.3333333333333333,0.0536166666666667,0.16085000000000005,True,True
"Henley, Russell",14578,0.4652,0.4392077507518385,0.7936507936507936,0.72925,0.34065,2.935564362248642,0.3825673267242015,2.613918989273527,0.3401267993117993,2.940079999645324,0.3819797456626275,2.6179398550708,0.596,0.284,0.287,0.377,-0.0100974500601287,0.0431941941492105,-0.135711069748046,2.74128364852465,1.3712718546451834,0.27075000000000005,3.6934441366574324,4.5,betmgm,0.2222222222222222,0.048527777777777836,0.2183750000000002,True,True
"Fowler, Rickie",12965,0.2833,0.2884008661626065,0.7407407407407407,0.66895,0.26735,3.740415186085656,0.3075170972042664,3.251851715209694,0.2669266301753802,3.746347823531001,0.3070301196111826,3.257009446716113,0.242,0.444,0.021,0.371,-0.0546324327451661,0.125098281735521,0.0215459767517356,2.82857377531124,1.4948800358771208,0.33104999999999996,3.020691738408096,3.5,betmgm,0.2857142857142857,0.04533571428571426,0.1586749999999998,True,True
"Harman, Brian",8825,0.0971,0.0724116297646939,0.5813953488372093,0.59195,0.1806,5.537098560354374,0.1657839307016515,6.031947703059487,0.1802357675657675,5.548288297632725,0.1654495791809644,6.044137464418849,0.138,0.01,0.154,0.033,0.0028970218716218,0.258896223715279,-0.189614418041161,2.78957154992239,1.689331869245713,0.40805,2.4506800637176815,2.75,bet365,0.36363636363636365,0.04441363636363638,0.12213750000000001,True,True
"McNealy, Maverick",18634,0.39485,0.3673123563918943,0.7518796992481203,0.692,0.30575,3.270645952575633,0.336289497697292,2.97362839710249,0.3059854838217338,3.268128891312363,0.3365485025578863,2.971339918019692,0.441,0.424,0.17,0.293,-0.0099178597330069,0.0527937716407077,-0.145927731084202,2.86816205832695,1.4450867052023122,0.30800000000000005,3.2467532467532463,3.75,unibet,0.26666666666666666,0.04133333333333339,0.15500000000000025,True,True
"Noren, Alex",10419,0.23865,0.2212688725392269,0.7042253521126761,0.6528,0.23735,4.213187276174426,0.260483893687331,3.8390089530845968,0.2372834937284937,4.214368156363323,0.2604109052206927,3.840084957857356,0.333,-0.066,0.282,0.438,0.0946477228346268,0.0357392705509012,-0.143164316358904,2.75408879248364,1.531862745098039,0.34719999999999995,2.8801843317972353,3.25,bet365,0.3076923076923077,0.039507692307692244,0.12839999999999985,True,False
"Kim, S.H.",21688,-0.1216999999999999,-0.111662391718273,0.5813953488372093,0.5166,0.1231,8.123476848090982,0.140371491206234,7.123953670413023,0.1236617325729825,8.086576010164025,0.1410120374201144,7.09159315967274,-0.346,0.118,0.067,0.324,0.0162782835313276,0.0664152633425316,0.025445083807338,2.89022099589231,1.9357336430507164,0.48340000000000005,2.0686801820438556,2.25,bet365,0.4444444444444444,0.03895555555555563,0.08765000000000012,True,False
"Aberg, Ludvig",23950,0.5193,0.507280200235982,0.8,0.74145,0.3816,2.620545073375262,0.4224397037684539,2.367201735725381,0.3802856471306472,2.6296022675198407,0.4209846858523727,2.375383318220444,0.591,0.617,0.113,0.287,-0.0812681509645932,-0.0337288335771563,-0.0110327149435048,2.90732570841902,1.3487086115044844,0.25854999999999995,3.8677238445175024,4.5,betmgm,0.2222222222222222,0.03632777777777774,0.1634749999999997,True,False
"Fleetwood, Tommy",12294,0.5418000000000001,0.4962671654950011,0.819672131147541,0.75115,0.3688,2.7114967462039044,0.4205361551438755,2.37791682776449,0.3705276001776,2.698854281086438,0.4225061072488478,2.366829692738665,0.661,0.485,0.328,0.242,-0.0570346963280789,-0.0129299996985325,-0.195914324436322,2.76707152010825,1.331292018904347,0.24885000000000002,4.018485031143259,4.6,unibet,0.2173913043478261,0.03145869565217391,0.14471,True,False
"Matsuyama, Hideki",13562,0.4106000000000001,0.3986806223767794,0.7575757575757576,0.7188,0.3195,3.129890453834116,0.346090081978207,2.889421142276389,0.3202479545454545,3.122580443704488,0.3469002843254756,2.882672759823282,0.618,-0.01,0.451,0.281,0.0956337992963016,0.0399883321106433,-0.117410870791915,2.80903480159035,1.391207568169171,0.2812,3.5561877667140824,4.0,betmgm,0.25,0.031200000000000006,0.12480000000000002,True,False
"Thorbjornsen, Michael",26649,0.34205,0.3362275595553819,0.7462686567164178,0.6842,0.28945,3.454828122300916,0.32106668721393,3.114617740873533,0.2890262928737929,3.459892835551342,0.3205966984650606,3.119183712083617,0.329,0.586,0.084,0.062,-0.1195817835245721,-0.0328747912504314,0.0388973873518035,2.87532233947409,1.4615609470914936,0.31579999999999997,3.1665611146295127,3.5,betmgm,0.2857142857142857,0.03008571428571427,0.10529999999999984,True,False
"Straka, Sepp",17511,0.42385,0.4156712903070265,0.7352941176470588,0.72005,0.3361,2.9753049687592976,0.3360144042191469,2.9760628932675304,0.3359257413419914,2.976848383232244,0.3358401899402097,2.977606700907452,0.595,0.32,0.051,0.115,-0.0547078675172557,0.0321469335749114,-0.0215763480999673,2.84259809586715,1.3887924449690994,0.27995000000000003,3.572066440435792,3.75,unibet,0.26666666666666666,0.01328333333333337,0.04981250000000015,True,False
"Horschel, Billy",11276,-0.06955,-0.0604427151379179,0.5154639175257733,0.5431,0.1371,7.293946024799417,0.1223396523152774,8.173964704615416,0.1367789463314463,7.311066701572433,0.1220531636633051,8.193151000645846,0.004,-0.361,0.071,0.114,0.0999238794263165,0.224251110673458,-0.0604882930711127,2.8255366103446,1.8412815319462343,0.4569,2.188662727073758,2.25,bet365,0.4444444444444444,0.012455555555555553,0.028024999999999967,True,False
"Castillo, Ricky",27819,0.11335,0.1216216758784703,0.6711409395973155,0.60805,0.20495,4.8792388387411565,0.2249399063205315,4.445631797210028,0.2054237293262293,4.867986786530975,0.225459841086393,4.435379689710746,0.024,0.273,0.138,0.181,-0.006947322284977,-0.0349786345861505,0.0535766991813778,2.85694264120949,1.6446015952635475,0.39195,2.5513458349279245,2.62,williamhill,0.38167938931297707,0.010270610687022952,0.026909000000000072,True,False
"Poston, J.T.",21554,0.1254,0.1192788697325548,0.6451612903225806,0.60915,0.1901,5.260389268805892,0.198870862257976,5.028388717411987,0.1901994413919414,5.257638995581032,0.1989748916917452,5.0257597403255,0.104,0.192,0.043,0.159,-0.0161379361569174,0.130802496689253,-0.0552373074310805,2.76272707666183,1.641631781991299,0.39085000000000003,2.558526288857618,2.62,williamhill,0.38167938931297707,0.009170610687022962,0.02402700000000013,True,False
"Bezuidenhout, Christiaan",18103,0.08525,0.1054464376375506,0.6666666666666666,0.6134,0.1845,5.420054200542006,0.2025040823249465,4.938172053219936,0.1846623182373182,5.415289971150761,0.2026822400793786,4.933831398391685,0.165,-0.294,0.284,0.396,0.1263679977172208,0.0272648379101686,0.0309819798516007,2.70958598458951,1.6302575806977504,0.38660000000000005,2.5866528711846866,2.62,williamhill,0.38167938931297707,0.004920610687022986,0.012892000000000237,True,False
"Penge, Marco",22465,0.24965,0.2217009863530417,0.684931506849315,0.64255,0.245,4.081632653061225,0.258344510813261,3.870800261449447,0.2446265702353202,4.087863387194788,0.2579507413035495,3.8767091536411855,0.091,0.884,-0.186,-0.028,-0.1546122656420868,-0.0443052044453729,-0.0513626343024048,2.94504535222235,1.5562991206909969,0.35745000000000005,2.797594069100573,2.75,bet365,0.36363636363636365,-0.006186363636363601,-0.017012499999999875,False,False
"Mitchell, Keith",17365,0.393,0.4107509520678049,0.7194244604316548,0.71505,0.32845,3.044603440401888,0.319504894203019,3.1298425099071645,0.3284728449328449,3.044391691509374,0.3195271169701119,3.129624832729106,0.47,0.614,-0.064,-0.126,-0.1070808303863458,0.150462849148189,0.10467946324515,2.85616820529853,1.398503601146773,0.28495000000000004,3.5093876118617295,3.4,bet365,0.29411764705882354,-0.009167647058823503,-0.03116999999999992,False,False
"Jaeger, Stephan",16394,0.039,0.0787613089604069,0.6289308176100629,0.5916,0.1809,5.527915975677169,0.19126931975432,5.228230022904205,0.1813332731157731,5.5147077136888445,0.1917274284006536,5.21573782291752,0.068,-0.202,0.244,0.277,0.1302779543187229,-0.0197299009748707,0.138600042886391,2.84447486142431,1.690331304935767,0.4084,2.4485798237022527,2.38,bet365,0.42016806722689076,-0.011768067226890777,-0.028008000000000033,False,False
"Hisatsune, Ryo",22760,0.35185,0.3443701156387711,0.7092198581560284,0.69085,0.29225,3.421727972626176,0.2905795599308099,3.441398287746428,0.291391990925741,3.431803313546948,0.2897264550575342,3.451531548271692,0.434,0.433,0.116,-0.067,-0.0611790977938341,0.0109923528062595,-0.0095579611107924,2.79814146719816,1.447492219729319,0.30915000000000004,3.2346757237586927,3.1,betmgm,0.3225806451612903,-0.013430645161290278,-0.04163499999999987,False,False
"Finau, Tony",11676,0.0897,0.1323564701472884,0.6172839506172839,0.61355,0.20805,4.806536890170632,0.198908442945943,5.027438680779218,0.2060745217282717,4.852613470182367,0.1970197656707542,5.075632876709084,0.207,-0.235,0.257,0.089,0.104567963764891,0.0565313462290383,0.146865532296737,2.86937049558346,1.6298590171950125,0.38644999999999996,2.58765687669815,2.5,bet365,0.4,-0.013550000000000062,-0.0338750000000001,False,False
"Kim, Si Woo",14609,0.61275,0.5802340668399618,0.7874015748031495,0.776,0.4217,2.3713540431586435,0.4193858151992345,2.3844392532087366,0.4215188009213008,2.3723734215753374,0.4192056104960483,2.385464256589253,0.808,0.655,0.237,-0.191,-0.1475004774100236,0.218654529143832,-0.143493059381137,2.7676977843641,1.2886597938144329,0.22399999999999998,4.464285714285714,4.0,betmgm,0.25,-0.026000000000000023,-0.10400000000000009,False,False
"Taylor, Nick",13126,0.2131,0.2043515461627535,0.6493506493506493,0.64735,0.23305,4.290924694271616,0.2196378717877985,4.552948869246659,0.2321773866411366,4.307051666257416,0.2188154777048363,4.570060630486642,0.377,-0.125,0.292,0.078,0.0601652850678961,0.155312321016914,-0.112652991974409,2.72114738720001,1.5447594037228702,0.35265,2.8356727633631076,2.63,bet365,0.3802281368821293,-0.02757813688212929,-0.07253049999999994,False,False
"Spaun, J.J.",17536,0.44155,0.3897489036249521,0.6993006993006994,0.707,0.31115,3.213883978788366,0.29629568517131,3.3750069611099045,0.3110616411366411,3.2147969011734445,0.2962115445640149,3.375965651412644,0.645,0.38,0.057,-0.139,-0.0868203959072653,0.178461145606424,-0.260210570323213,2.79909646732134,1.4144271570014144,0.29300000000000004,3.41296928327645,3.1,betmgm,0.3225806451612903,-0.029580645161290275,-0.09169999999999989,False,False
"Olesen, Thorbjorn",13412,0.24635,0.2573130883107425,0.6666666666666666,0.6692,0.2534,3.9463299131807417,0.241008257062926,4.149235433617966,0.2529762402874903,3.952940398132125,0.2406052200079715,4.156185804974925,0.353,0.2,0.04,-0.018,-0.0170166640243539,0.0631286923249924,0.0475416004846415,2.76628003516807,1.4943215780035863,0.3308,3.0229746070133015,2.75,bet365,0.36363636363636365,-0.032836363636363664,-0.09030000000000005,False,False
"Smalley, Alex",18474,0.2350999999999999,0.2458941514356866,0.6802721088435374,0.6564,0.2438,4.101722723543888,0.251035018130018,3.983507988045207,0.2437836093073593,4.10199850121676,0.2510181410265552,3.98377581759802,0.302,0.218,0.071,0.074,-0.0278846757361623,-0.0579487755055576,0.0824002889229037,2.83444980294935,1.5234613040828764,0.3436,2.910360884749709,2.63,bet365,0.3802281368821293,-0.03662813688212929,-0.09633199999999997,False,False
"McCarty, Matt",28635,0.1166,0.0791521592118251,0.6329113924050632,0.5943,0.17485,5.719187875321704,0.186002341847967,5.3762763955809305,0.1754453966866466,5.699779070214334,0.1866357143274911,5.358031305012139,0.096,0.124,-0.002,0.33,0.0193513650790155,-0.0443052044453729,-0.185838585369039,2.79200814420742,1.6826518593303044,0.40569999999999995,2.464875523786049,2.25,bet365,0.4444444444444444,-0.03874444444444447,-0.08717500000000011,False,False
"Mouw, William",29770,0.086,0.0885440838739199,0.6097560975609756,0.59695,0.1914,5.224660397074191,0.1874913276769524,5.333580024154503,0.1909825645188145,5.236080071076256,0.1870824168483896,5.345237766574256,0.026,0.312,-0.124,0.061,-0.0912057356438483,0.0019715879211364,0.0578303902112401,2.86446277817551,1.6751821760616468,0.40305,2.4810817516437167,2.25,bet365,0.4444444444444444,-0.0413944444444444,-0.09313749999999998,False,False
"Meissner, Mac",28159,0.2391,0.2475009608276048,0.6802721088435374,0.662,0.2423,4.127115146512588,0.2416677392011585,4.137912670121119,0.2437635206460207,4.102336548757606,0.2431274409172049,4.113069245608282,0.346,0.144,0.123,0.005,0.0018121653464177,0.054622163415756,0.0274431806108762,2.75931741057032,1.510574018126888,0.33799999999999997,2.958579881656805,2.63,bet365,0.3802281368821293,-0.04222813688212934,-0.11106000000000016,False,False
"Novak, Andrew",23475,0.10265,0.0933153149394951,0.5882352941176471,0.6021,0.18805,5.317734645041212,0.174874036797217,5.71840176114648,0.1890675072150072,5.289116119052661,0.1758202510708602,5.687626959405111,0.159,0.022,0.074,0.023,0.0245093330751648,0.119189191139544,-0.0887253896249926,2.85430348538494,1.6608536787908983,0.39790000000000003,2.513194269917064,2.25,bet365,0.4444444444444444,-0.04654444444444439,-0.10472499999999996,False,False
"Hoey, Rico",23504,0.3505500000000001,0.3385315536706428,0.6622516556291391,0.68385,0.29165,3.4287673581347504,0.2658247332528585,3.761877187886717,0.2915655114330114,3.429760931205866,0.2657477260497635,3.762967288054016,0.438,0.643,-0.147,-0.364,-0.175969626385904,0.029313370877182,0.02056423882687,2.87873272699091,1.4623089858887184,0.31615000000000004,3.1630555116242287,2.75,bet365,0.36363636363636365,-0.047486363636363604,-0.13058749999999986,False,False
"Dumont De Chassart, Adrien",22002,0.11575,0.129863739248237,0.6493506493506493,0.6051,0.19875,5.031446540880503,0.2089216231290495,4.786483969552097,0.1988678571428571,5.028464701973673,0.2090455119621718,4.78364730538179,0.099,0.148,0.1,0.143,0.0247202016280721,-0.0561188786599924,0.0722383150921471,2.85609590297703,1.6526194017517766,0.39490000000000003,2.5322866548493286,2.25,bet365,0.4444444444444444,-0.04954444444444439,-0.11147499999999994,False,False
"Keefer, Johnny",32457,0.23865,0.2236565662029022,0.6329113924050632,0.65075,0.24805,4.031445273130418,0.2291931128246755,4.363132851923714,0.24775094003219,4.036311627596937,0.2289167875477409,4.3683995862096765,0.248,0.565,-0.242,-0.148,-0.1399861937701385,-0.0443052044453729,0.0061022290109235,2.88700883210749,1.536688436419516,0.34924999999999995,2.8632784538296354,2.5,bet365,0.4,-0.05075000000000007,-0.12687500000000018,False,False
"McGreevy, Max",23505,0.2989,0.2911079732070422,0.684931506849315,0.67535,0.26645,3.7530493525989854,0.258948382758309,3.861773490716704,0.2658786555111555,3.761114249947916,0.2583931238677698,3.870072024485218,0.369,0.441,-0.012,-0.131,-0.1051944473174152,-0.0270666553772144,0.0204037535382223,2.78376365739515,1.4807137040053306,0.32465,3.0802402587401816,2.63,bet365,0.3802281368821293,-0.055578136882129314,-0.1461705000000001,False,False
"Thompson, Davis",27364,0.2623,0.2475189937883518,0.6666666666666666,0.65645,0.25375,3.9408866995073897,0.245469846862016,4.073820115926996,0.2528610585248085,3.954741017988298,0.2446099125653281,4.088141766261942,0.317,0.391,0.07,-0.168,-0.0942327574778759,-0.01844073525834,-0.0221784685047179,2.82432218459305,1.5233452662045852,0.34355,2.9107844564110024,2.5,williamhill,0.4,-0.05645,-0.14112499999999994,False,False
"Rodgers, Patrick",16283,0.10525,0.11527310200165,0.6329113924050632,0.615,0.1934,5.17063081695967,0.195097139874695,5.125651768356367,0.1918587677600177,5.212167323261595,0.1935423828845026,5.1668269507498765,0.122,0.061,0.11,0.119,0.0271895100876936,0.0284238275635805,0.0294147980735084,2.82383825418159,1.6260162601626016,0.385,2.5974025974025974,2.25,bet365,0.4444444444444444,-0.05944444444444441,-0.13374999999999998,False,False
"Kim, Tom",24766,0.11975,0.1419408370899464,0.625,0.61735,0.1999,5.002501250625313,0.197960133847634,5.051522145209702,0.2000934570984571,4.997664663807294,0.1981517136030334,5.046638163338554,0.239,-0.17,0.209,0.099,0.0398652464704104,-0.0814989864416441,0.111396308824938,2.81869064945359,1.619826678545396,0.38265000000000005,2.6133542401672543,2.25,bet365,0.4444444444444444,-0.061794444444444374,-0.13903749999999993,False,False
"Zalatoris, Will",19428,0.32365,0.3259720401547881,0.6578947368421053,0.6805,0.28395,3.521746786406058,0.261122836006586,3.8296152695537446,0.2837288654401155,3.5244915897041937,0.2609194787837788,3.832600021513493,0.504,0.249,0.03,-0.188,-0.0539143501754782,-0.0443052044453729,0.0496436769730226,2.86864360308893,1.4695077149155034,0.3195,3.1298904538341157,2.6,betmgm,0.3846153846153846,-0.06511538461538458,-0.1693,False,False
"Kirk, Chris",12423,0.1308,0.1426286203484327,0.5813953488372093,0.62305,0.20605,4.85319097306479,0.1785034298571799,5.60213325200584,0.205822062104562,4.858565645367883,0.1783059646976065,5.608337341355487,0.246,0.046,0.023,-0.183,-0.0304033201447411,0.309961991058992,-0.0031457359502135,2.7834251426491,1.605007623786213,0.37695,2.652871733651678,2.25,bet365,0.4444444444444444,-0.06749444444444441,-0.1518625,False,False
"Wallace, Matt",20706,0.14365,0.1596091173639371,0.6369426751592356,0.6273,0.20995,4.763038818766373,0.2040616821488695,4.900479058437185,0.2101870285270285,4.757667525954901,0.2042920629059197,4.894952773865318,0.22,0.029,0.177,-0.023,0.0125901647879953,0.105934906643995,0.0470167777646892,2.80711297649934,1.5941335883947076,0.37270000000000003,2.6831231553528303,2.25,bet365,0.4444444444444444,-0.07174444444444439,-0.16142499999999993,False,False
"Smith, Jordan",18586,0.33045,0.3314313203748932,0.6993006993006994,0.6919,0.28655,3.489792357354737,0.2846338243931995,3.513285893311744,0.2860225813075813,3.496227449694351,0.2841099325785786,3.5197643071610027,0.381,0.526,-0.066,-0.04,-0.118248126218365,-0.0443052044453729,0.0751069660949917,2.8226903721825,1.4452955629426218,0.30810000000000004,3.2456994482310932,2.63,bet365,0.3802281368821293,-0.07212813688212927,-0.1896969999999999,False,False
"Smotherman, Austin",22985,0.27025,0.2462163986010682,0.5847953216374269,0.65585,0.25275,3.9564787339268057,0.206320605783106,4.84682562948292,0.2521205533355533,3.966356517824534,0.2058067865264619,4.858926262236856,0.409,0.372,-0.17,-0.307,-0.1444660073136162,-0.0114943888491058,-0.0450614061255742,2.85214431769248,1.52473888846535,0.34414999999999996,2.9057097195990123,2.25,bet365,0.4444444444444444,-0.10029444444444446,-0.2256625000000001,False,False
"Parry, John",13764,0.2247,0.2186573553016479,0.6493506493506493,0.65805,0.23295,4.2927666881305,0.219229150035694,4.561437198644359,0.2325968158230658,4.299284994342703,0.2188967685507601,4.568363464753977,0.314,0.234,-0.004,-0.061,-0.0438875132960898,-0.0443052044453729,0.0028068342676277,2.73381183210561,1.5196413646379454,0.34195,2.924404152653897,,,,,,False,False
"Li, Haotong",15310,0.20905,0.1931832529201877,0.6329113924050632,0.6425,0.2326,4.299226139294927,0.2163099961265585,4.622994858799409,0.2309744816294816,4.329482603208751,0.2147983199768144,4.655529894777303,0.249,0.364,-0.167,-0.022,-0.0839163442459485,-0.0323486708142442,-0.0292883955725262,2.85789612085562,1.556420233463035,0.35750000000000004,2.797202797202797,,,,,,False,False
"Eckroat, Austin",26653,0.16655,0.1694061036911409,0.5813953488372093,0.63135,0.2159,4.631773969430292,0.1815146407296405,5.509197472888503,0.2146721389721389,4.658266344147175,0.1804823352486858,5.5407084500657895,0.301,0.136,-0.256,-0.074,-0.0746595672520112,0.0068836325250719,0.049889393950442,2.79546717371207,1.5839074998020115,0.36865000000000003,2.7126000271260002,,,,,,False,False
"Dahmen, Joel",14509,0.1881,0.1685898692124859,0.5617977528089888,0.6277,0.21515,4.647920055775041,0.176206375349868,5.675163557586619,0.2151434078421578,4.648062471584814,0.1762009764177783,5.675337448919507,0.267,0.347,-0.143,-0.312,-0.1441451173211966,-0.0261281792722977,-0.0189460504588974,2.81240010023977,1.5931177314003504,0.37229999999999996,2.6860059092130006,,,,,,False,False
"Ghim, Doug",24550,0.16215,0.1596232644446152,0.5988023952095809,0.63265,0.2145,4.662004662004662,0.189629571863322,5.2734391064320025,0.214074281968032,4.671275740396183,0.1892532141563915,5.283926111678287,0.215,0.268,0.053,-0.284,-0.0804518326001383,0.0371346788500006,0.0183085688106449,2.79186443938376,1.580652809610369,0.36734999999999995,2.722199537226079,,,,,,False,False
"Cauley, Bud",14502,0.14705,0.1396201803881825,0.5847953216374269,0.6172,0.20455,4.888780249327793,0.1795744749116625,5.568720167451008,0.2055472119547119,4.865062340132004,0.1804499274325279,5.541703530880665,0.268,0.001,0.093,-0.099,-0.0046118340144463,0.193219428372198,-0.0831480381449138,2.80592381224807,1.6202203499675956,0.38280000000000003,2.612330198537095,,,,,,False,False
"Hodges, Lee",25157,0.1488,0.153980934034747,0.6024096385542169,0.6299,0.20425,4.895960832313341,0.1871803505291004,5.3424411118651705,0.2043796683871684,4.892854596992698,0.1872991822263476,5.339051607772203,0.219,0.171,-0.089,-0.055,-0.073777081994662,0.0221161007689235,0.057264185978835,2.79285651415149,1.5875535799333227,0.3701,2.7019724398811134,,,,,,False,False
"Homa, Max",17538,0.104,0.0942114817089214,0.5617977528089888,0.59635,0.19185,5.212405525149856,0.1674706453758659,5.9711957146616985,0.1913408627483627,5.226275170061951,0.1670262067826077,5.987084417845552,0.18,0.02,-0.067,0.067,-0.0091087615824513,0.0916468968973693,-0.0672999348885093,2.87168055494719,1.6768676113020875,0.40364999999999995,2.477393781741608,,,,,,False,False
"Ford, David",31343,0.0825999999999999,0.0811449091245243,0.5714285714285714,0.60235,0.1865,5.361930294906166,0.1697978018162395,5.889357749649971,0.1860794161394161,5.374049536197871,0.169414883773309,5.902669102781322,-0.006,0.478,-0.169,-0.167,-0.1640406410587225,-0.0443052044453729,0.0858211672633262,2.85457240050565,1.660164356271271,0.39764999999999995,2.5147742990066644,,,,,,False,False
"Svensson, Adam",13997,0.0729,0.0856747786313443,0.5102040816326531,0.60745,0.1796,5.567928730512249,0.139387608352976,7.174238885480163,0.1804948268398268,5.540324991626554,0.1400820837042762,7.138671652765211,0.25,-0.142,0.121,-0.412,-0.0155070551573979,0.0799900446814907,0.0516299095650478,2.77773744347856,1.646226026833484,0.39254999999999995,2.547446185199338,,,,,,False,False
"Svensson, Jesper",26850,0.0580499999999999,0.0489396492246475,0.5434782608695652,0.57835,0.17735,5.63856780377784,0.1573307724913974,6.356035657644012,0.1768204981129981,5.655452906602178,0.1568610406565079,6.375069270321785,0.002,0.413,-0.088,-0.375,-0.1424362572215566,-0.0122688987717382,0.0287335994269507,2.94929866689211,1.729056799515864,0.42164999999999997,2.371635242499704,,,,,,False,False
"Brown, Dan",20766,0.06075,0.0453399250768586,0.5405405405405405,0.58375,0.1724,5.80046403712297,0.1503141916185665,6.652731782888303,0.1721311793761793,5.8095227350681045,0.150079809050353,6.663121484013159,0.135,0.014,-0.167,-0.003,-0.0394502181451516,-0.0443052044453729,-0.0462489644317879,2.87958111615715,1.7130620985010707,0.41625,2.4024024024024024,,,,,,False,False
"Power, Seamus",10104,0.0521,0.0512127656470733,0.6024096385542169,0.5889,0.17175,5.822416302765648,0.168264058153176,5.9430398326044696,0.1712210059385059,5.840404887932678,0.1677458008750046,5.9614010889318605,0.03,0.084,0.119,0.027,-0.0033895834747897,-0.0690605812955593,0.0145237652966513,2.78544861989282,1.6980811682798438,0.4111,2.432498175626368,,,,,,False,False
"Saddier, Adrien",14792,0.0370999999999999,0.032972953305083,0.5847953216374269,0.5758,0.16915,5.911912503694945,0.163286389212639,6.124209156819276,0.1686244255744255,5.930338956491395,0.1627790339054291,6.143297303146406,-0.033,0.241,-0.04,-0.01,-0.0681930964067586,-0.0443052044453729,0.0245376158401376,2.85423975766772,1.736714136853074,0.4242,2.3573785950023574,,,,,,False,False
"Reitan, Kristoffer",21407,0.04245,0.0122983273846201,0.6211180124223602,0.5672,0.1681,5.94883997620464,0.1848575198528325,5.409571657112533,0.1680156357531357,5.951827016083749,0.184764745519462,5.4122879188263004,-0.147,0.464,-0.166,0.239,-0.0692869483276941,-0.0443052044453729,-0.105038587801709,2.93954794236471,1.7630465444287728,0.43279999999999996,2.3105360443622924,,,,,,False,False
"Fisk, Steven",26657,0.04015,0.0410593610769092,0.5813953488372093,0.58115,0.16805,5.950609937518595,0.161384155509523,6.196395159381007,0.1687690989565989,5.925255311442779,0.1620747308016295,6.169993280593163,0.008,0.155,0.072,-0.102,-0.0465519270142245,-0.0075073602615726,0.0296996089570515,2.81979204953682,1.7207261464337948,0.41884999999999994,2.3874895547331985,,,,,,False,False
"Kim, Michael",17543,0.0444,0.0332783406126981,0.5649717514124294,0.5785,0.16455,6.077180188392585,0.152150574217449,6.572436582269025,0.1641897212509712,6.090515242860154,0.1518174437492443,6.586858369527628,0.125,-0.197,0.054,0.195,0.0854957037189989,-0.0039750443173876,-0.0973623877166621,2.80936917909237,1.728608470181504,0.4215,2.372479240806643,,,,,,False,False
"Grillo, Emiliano",12808,0.0422,0.0276223938134152,0.5434782608695652,0.5768,0.1614,6.195786864931847,0.1413203524253524,7.076121611911596,0.1622140355477855,6.164694667900156,0.1420331144482758,7.040611648096825,0.072,0.1,-0.158,-0.066,-0.0858201697833316,0.0376458169595526,-0.0393894002811462,2.80057377070747,1.7337031900138695,0.4232,2.3629489603024574,,,,,,False,False
"Hughes, Mackenzie",15556,-0.0021499999999999,0.0136840321791269,0.6097560975609756,0.5701,0.1601,6.2460961898813245,0.168092636288004,5.949100579793604,0.1592936209623709,6.277715290533977,0.1672460005710618,5.979216223918646,-0.026,-0.129,0.197,0.247,0.1018061129967112,-0.0075345432693463,0.0301507402146155,2.83884001087555,1.754078231889142,0.42989999999999995,2.3261223540358227,,,,,,False,False
"Cole, Eric",21756,-0.0204999999999999,0.015929032598286,0.5882352941176471,0.5715,0.15725,6.359300476947536,0.158690858319921,6.301560219581134,0.1578462708125208,6.335277956536159,0.1592925926730532,6.277755815378635,0.096,-0.542,0.28,0.342,0.1993227004894229,0.0291357118719933,0.0751998847787204,2.81468044129796,1.7497812773403325,0.4285,2.3337222870478413,,,,,,False,False
"Lipsky, David",15980,-0.0097499999999999,0.0071605910710212,0.5376344086021505,0.56995,0.15295,6.538084341288003,0.135418579198579,7.384511090856973,0.1528553753191252,6.542131723612862,0.1353348005791532,7.3890824512290205,0.077,-0.27,0.128,0.026,0.0537819875789345,-0.0257096928780319,0.0640893847851468,2.78101931054125,1.7545398719185894,0.43005000000000004,2.3253110103476335,,,,,,False,False
"Vegas, Jhonattan",13508,-0.0271,-0.014869297331767,0.5050505050505051,0.5596,0.1525,6.557377049180328,0.1277817387364815,7.825844364680737,0.1527235117660117,6.547780288945318,0.1279690221600161,7.814391195000075,-0.008,0.01,-0.084,-0.168,-0.0136209408628,0.0853385821253354,0.046629338241231,2.87481808018265,1.7869907076483202,0.4404,2.2706630336058127,,,,,,False,False
"Yu, Kevin",17881,0.02775,-0.002648086506659,0.5524861878453039,0.56275,0.1511,6.618133686300463,0.1416213922032489,7.061080140808407,0.1509389024864025,6.625197238929746,0.14147040044841,7.068616451429849,-0.005,0.188,-0.021,-0.144,-0.0634812490070255,-0.0047473152789589,-0.119062979210043,2.83433930650348,1.776988005330964,0.43725,2.287021154945683,,,,,,False,False
"Clanton, Luke",32330,-0.0193,-0.0440607012507618,0.4739336492890995,0.54775,0.15095,6.624710168930109,0.1194934803622303,8.368657411003666,0.1502923734598734,6.653697569471081,0.1189728968308736,8.40527571100125,0.031,0.085,-0.233,-0.343,-0.0909826489151809,-0.0443052044453729,-0.0672358806848753,2.93473499311736,1.825650387950708,0.45225000000000004,2.2111663902708676,,,,,,False,False
"Wu, Dylan",25002,-0.00145,0.0062512752107901,0.5376344086021505,0.568,0.15065,6.637902422834384,0.132125277014652,7.568574481695167,0.1506769753857253,6.636714052960323,0.1321489353638822,7.567219495536785,0.008,0.003,0.031,-0.097,-0.009182257345156,0.0375578826673041,0.033708034059703,2.75170050592231,1.7605633802816902,0.43200000000000005,2.3148148148148144,,,,,,False,False
"Valimaki, Sami",23816,0.0179,-0.0277067075591687,0.5208333333333334,0.56075,0.14805,6.754474839581223,0.1277635256872755,7.826959960761274,0.1480789348151847,6.7531550064706085,0.1277884957244461,7.825430562672303,0.136,-0.306,-0.074,0.27,0.0499425526952895,0.0150423539332786,-0.256765402626808,2.83252833661073,1.7833259028087385,0.43925000000000003,2.2766078542970973,,,,,,False,False
"Roy, Kevin",18424,-0.03635,-0.0347954373847436,0.5847953216374269,0.55945,0.1463,6.835269993164729,0.1498442490638445,6.673596125627267,0.1463835715673215,6.831367682131611,0.1499298452275381,6.669786115515354,-0.179,0.19,0.076,0.07,-0.0455551350599453,-0.005250410029089,0.0318629831135267,2.80039898902494,1.78746983644651,0.44055,2.2698899103393484,,,,,,False,False
"Moore, Taylor",21944,-0.046,-0.0344928620461453,0.5882352941176471,0.5474,0.1457,6.863417982155114,0.1547951937183185,6.46014889725649,0.146133342074592,6.8430652840989685,0.1552555867888935,6.440992048548535,-0.198,0.15,0.133,0.121,0.0344286252719676,-0.0610958904393661,0.0555953497431313,2.88779719311177,1.8268176835951773,0.4526,2.209456473707468,,,,,,False,False
"Putnam, Andrew",14704,-0.0520999999999999,-0.0126029930795535,0.5780346820809249,0.5628,0.14215,7.034822370735139,0.138117970016095,7.240187499740036,0.1427075685425685,7.007336823216268,0.1386597233417678,7.21189957616751,0.024,-0.482,0.357,0.195,0.0873409018206555,0.205738062944169,0.102380067955862,2.67907550354444,1.7768301350390905,0.43720000000000003,2.287282708142726,,,,,,False,False
"Vilips, Karl",24304,-0.0803,-0.0574604535038767,0.5,0.54325,0.1411,7.087172218284904,0.1201448203648203,8.323288486041221,0.1413768299755799,7.073294826123419,0.1203805374993891,8.30699065457383,-0.035,-0.251,-0.074,0.091,0.0728443233785099,-0.0443052044453729,0.0888518719027045,2.88435250996942,1.840773124712379,0.45675,2.1893814997263275,,,,,,False,False
"Hoge, Tom",15575,-0.0915,-0.0620612535167947,0.4385964912280702,0.54015,0.1385,7.220216606498194,0.1020345456925971,9.800602268693714,0.1374700314962815,7.274312729222365,0.101275756029387,9.874031448452792,0.077,-0.445,-0.094,-0.132,0.060808701233088,0.183389071925253,0.0709421138181691,2.87347652457279,1.8513375914097936,0.45985,2.1746221593998043,,,,,,False,False
"Ramey, Chad",19840,-0.0639,-0.0397335103231664,0.5747126436781609,0.5503,0.1384,7.225433526011561,0.141185318642414,7.082889422325433,0.1388104748029748,7.2040672825259255,0.1416040543060894,7.061944694312306,-0.139,-0.065,-0.029,0.317,0.0465659800783881,0.0914270355302531,0.0746926994624106,2.79933870331005,1.817190623296384,0.4497,2.2237046920169004,,,,,,False,False
"Glover, Lucas",7399,0.0064,-0.0374362334501079,0.4784688995215311,0.55255,0.136,7.352941176470588,0.1079153877372627,9.26651908469865,0.1362572498334998,7.339059031515419,0.1081195143220236,9.249024158780395,0.108,-0.056,0.024,-0.414,-0.0866587812933983,0.227567175219757,-0.23274357040878,2.77201263330187,1.809790969143064,0.44745,2.23488657950609,,,,,,False,False
"Simpson, Webb",11049,-0.0674,-0.0638616401659218,0.5128205128205129,0.53925,0.13535,7.388252678241596,0.1218571235477485,8.206331898259194,0.1352117098179598,7.395809145127553,0.1217326193453228,8.214725070223519,-0.053,-0.225,0.173,0.007,0.0414251246449072,-0.0016480248461583,-0.0026087569405233,2.80392045239509,1.8544274455261935,0.46075,2.1703743895822027,,,,,,False,False
"Ventura, Kris",15651,-0.06755,-0.0776658083831662,0.5524861878453039,0.5295,0.13205,7.572889057175312,0.1333901466085655,7.496805614394504,0.1321206254856254,7.568840946100414,0.133461488856819,7.492798173957326,-0.218,0.177,-0.155,0.236,-0.0299544167627815,0.0595332546298127,-0.0504851471918938,2.87020103157718,1.8885741265344669,0.47050000000000003,2.1253985122210413,,,,,,False,False
"Suber, Jackson",29279,-0.1081,-0.1001823915850838,0.4566210045662101,0.5255,0.1295,7.722007722007722,0.1028357837070337,9.724241542699524,0.1294089839327339,7.7274387728737155,0.1027635079648928,9.73108080683301,-0.038,-0.268,-0.064,-0.138,0.0526864077624388,-0.0738684102060843,0.0317119407448826,2.88141290524477,1.9029495718363465,0.47450000000000003,2.107481559536354,,,,,,False,False
"Hubbard, Mark",16333,-0.08535,-0.084118512711418,0.4830917874396135,0.5346,0.1275,7.84313725490196,0.107497433978059,9.302547632942636,0.127844487040737,7.822003303758846,0.1077878769029054,9.277481185577043,-0.051,-0.202,-0.015,-0.053,0.0325050063471465,0.0350969525776098,-0.0188693048750658,2.840953918372,1.8705574261129816,0.46540000000000004,2.1486892995272884,,,,,,False,False
"Griffin, Lanto",15330,-0.1167,-0.0934932945592634,0.4784688995215311,0.5279,0.12295,8.13338755591704,0.1026875863025863,9.73827544308356,0.1231369974469974,8.12103608771552,0.1028437661844643,9.723486771248371,-0.114,-0.184,-0.065,-0.015,0.0114566905397326,0.178901909290977,0.0655797046110722,2.8023359974306,1.8942981625307824,0.47209999999999996,2.1181952976064395,,,,,,False,False
"Shipley, Neal",32055,-0.0898,-0.1378532634077891,0.4545454545454545,0.50575,0.1219,8.203445447087777,0.0991210792448292,10.08867142709371,0.1222401605339105,8.180617528906067,0.0993976754649909,10.060597446790515,-0.165,0.221,-0.241,-0.302,-0.1285602160916011,-0.0443052044453729,-0.164909907881802,2.92668197730864,1.977261492832427,0.49424999999999997,2.0232675771370765,,,,,,False,False
"Waring, Paul",12426,-0.1721,-0.1600753575069496,0.4,0.50135,0.1148,8.710801393728223,0.0868157937432937,11.518641446243148,0.1148783495670995,8.7048604351328,0.0868750444389138,11.510785478828147,-0.187,-0.057,-0.278,-0.272,-0.0519646280014304,-0.0650395366217914,0.102365410621415,2.96998870155649,1.9946145407400024,0.49865000000000004,2.005414619472576,,,,,,False,False
"Whaley, Vince",25908,-0.1559499999999999,-0.1299308478811271,0.5555555555555556,0.51225,0.11435,8.745080891998251,0.1211740024055464,8.25259527743574,0.1152509222721722,8.676720153600483,0.12212868852339,8.188084323925906,-0.211,-0.412,0.128,0.503,0.182271934995844,0.0715913536763035,0.0210619546773662,2.77911926948078,1.9521717911176184,0.48775,2.0502306509482318,,,,,,False,False
"Higgo, Garrick",24342,-0.1284999999999999,-0.1600133041907296,0.5102040816326531,0.50085,0.1131,8.841732979664014,0.110291755929256,9.066860814523851,0.1138051012876012,8.78695233065925,0.1109793497322402,9.010685342928198,-0.256,0.058,-0.046,0.024,0.0093380148876266,-0.0026286274252189,-0.161578371541157,2.90939854730826,1.996605770190676,0.49915,2.003405789842733,,,,,,False,False
"Highsmith, Joe",28469,-0.18565,-0.1715502105106112,0.4032258064516129,0.49455,0.11125,8.98876404494382,0.0834662322862323,11.98089302235042,0.1108317248029747,9.022687337742845,0.0831524178614729,12.026108509146916,-0.167,-0.238,-0.133,-0.21,0.0037051646227163,-0.0132266237401302,0.0719530210706181,2.93897793390984,2.022040238600748,0.50545,1.9784350578692256,,,,,,False,False
"Ryder, Sam",16715,-0.1675499999999999,-0.1508063729485368,0.4672897196261682,0.511,0.1104,9.057971014492754,0.0960817644392644,10.407802207172452,0.1109306263181263,9.014643053868683,0.0965435716213612,10.35801745477106,-0.173,-0.312,-0.139,0.195,0.0647139579401117,0.0647052657872848,0.0351848398404388,2.85544541567515,1.9569471624266144,0.489,2.044989775051125,,,,,,False,False
"Pavon, Matthieu",19960,-0.1978,-0.1656728650251823,0.5025125628140703,0.4974,0.1074,9.31098696461825,0.103795991901617,9.634283383002396,0.1079658595571095,9.262187177521987,0.1043428629817585,9.583789167974263,-0.379,-0.017,-0.122,0.271,0.0133735048276734,-0.0443052044453729,0.165025223571595,2.84925772273143,2.010454362685967,0.5025999999999999,1.9896538002387587,,,,,,False,False
"Hossler, Beau",15470,-0.2074,-0.1724039077552821,0.5524861878453039,0.4933,0.1058,9.45179584120983,0.118235357408795,8.457706915390222,0.1056815476190476,9.462389816666198,0.1181029825543731,8.46718667362708,-0.347,-0.327,0.304,0.348,0.1530126721002498,0.100074758295748,0.0734554355995276,2.85000536424399,2.027163997567403,0.5066999999999999,1.9735543714229329,,,,,,False,False
"Fishburn, Patrick",25094,-0.18855,-0.2013632498725695,0.4566210045662101,0.4822,0.09985,10.015022533800702,0.0876044858409564,11.414940575251736,0.0993270455932956,10.067751376544498,0.0871456660921572,11.47503995141298,-0.265,-0.16,-0.072,0.044,0.0142590222138806,0.029885123857378,-0.0786670414341323,2.88510427310216,2.073828287017835,0.5178,1.9312475859405174,,,,,,False,False
"Van Rooyen, Erik",17550,-0.23405,-0.2338482878010922,0.4329004329004329,0.47445,0.09645,10.368066355624675,0.0806006246259187,12.40685174142472,0.0965230241980242,10.360222426811092,0.0806616489491282,12.397465375778278,-0.367,-0.034,-0.054,-0.183,-0.010854600397468,0.0113155814722845,0.0036069658252019,2.91943945607116,2.1077036568658447,0.52555,1.9027685282085436,,,,,,False,False
"Streelman, Kevin",8480,-0.25475,-0.2227181217447456,0.3773584905660377,0.47525,0.09415,10.621348911311737,0.0703349021811522,14.217692340346671,0.0938502633477633,10.655271113033397,0.0701109834544908,14.26310045485387,-0.28,-0.337,-0.089,-0.076,0.0392295241025552,0.392922109771266,0.0423141017821779,2.8726542134941,2.1041557075223567,0.52475,1.9056693663649356,,,,,,False,False
"Kizzire, Patton",13470,-0.24205,-0.2284895829013311,0.4098360655737705,0.477,0.09345,10.700909577314071,0.0735930229492729,13.588244645002442,0.0936112987012987,10.682471174669503,0.0737200476579552,13.56483116559798,-0.128,-0.765,0.264,-0.068,0.1590523789474342,-0.0078638436601585,-0.009758143065333,2.84524186310343,2.0964360587002098,0.523,1.9120458891013383,,,,,,False,False
"Kuchar, Matt",6169,-0.20225,-0.1902981170919047,0.4878048780487805,0.48825,0.09045,11.05583195135434,0.0859292251920193,11.637484194293366,0.0904786248473748,11.052334202546335,0.0859564193429995,11.633802427362772,-0.205,-0.52,0.141,0.264,0.1148252739799222,0.352711960360471,-0.0858312125396026,2.68737663977205,2.048131080389145,0.5117499999999999,1.9540791402051785,,,,,,False,False
"Schenk, Adam",19477,-0.27845,-0.2726005153422996,0.364963503649635,0.45965,0.08885,11.254924029262805,0.065759095996596,15.207021703153654,0.0892701819014318,11.201948721289208,0.0660700783487883,15.13544444008274,-0.327,-0.244,-0.074,-0.302,0.022564116256552,0.141455947277073,-0.0173986216590425,2.96434325126131,2.1755683672359405,0.54035,1.8506523549551217,,,,,,False,False
"Lower, Justin",17723,-0.2598,-0.2704829783958219,0.4032258064516129,0.45715,0.08725,11.461318051575931,0.0695963437025937,14.368570916215132,0.088268371073371,11.329086374198214,0.0704086635104918,14.202797640818543,-0.369,-0.117,-0.079,-0.197,-0.0089105091945477,-0.0238846075390569,-0.0429884854970716,2.90585300260427,2.1874658208465494,0.54285,1.8421295017039696,,,,,,False,False
"Walker, Danny",25003,-0.2916499999999999,-0.2711847514862007,0.4184100418410041,0.45835,0.0863,11.587485515643106,0.0741945568551818,13.47807767019716,0.0872419555444555,11.462374883268565,0.0750043827439207,13.332554224387009,-0.355,-0.416,0.043,0.033,0.0961848359679649,-0.0546471197195291,0.0678956045148957,2.94350966164036,2.1817388458601505,0.54165,1.8462106526354658,,,,,,False,False
"Dunlap, Nick",28270,-0.28845,-0.2695839032347378,0.3703703703703703,0.4588,0.08625,11.594202898550726,0.0640886905686905,15.6033769940766,0.0871661985236985,11.47233694868685,0.0647694785534419,15.439370863158796,-0.085,-1.054,0.006,0.212,0.2508701723888253,-0.0443052044453729,-0.0200283012567584,2.92548425434709,2.1795989537925022,0.5412,1.8477457501847745,,,,,,False,False
"Kanaya, Takumi",19729,-0.2532,-0.248489588848985,0.5319148936170213,0.46675,0.084,11.904761904761903,0.097908470025345,10.213620943531604,0.0837261255411255,11.943703277047124,0.09758924824859,10.247030466437147,-0.538,-0.006,0.159,0.283,-0.0031299246824925,-0.0407512344460272,0.0353048267078279,2.78352815349584,2.1424745581146225,0.53325,1.875293014533521,,,,,,False,False
"Hardy, Nick",19865,-0.21665,-0.2648734972762214,0.3355704697986577,0.4612,0.0839,11.918951132300355,0.0585088331575831,17.091436387163586,0.0841715161227661,11.880503596269747,0.0586981787061709,17.03630371575515,-0.246,-0.123,-0.254,-0.252,-0.0356833471478937,0.065468298721884,-0.239642887487631,2.88648378951315,2.168256721595837,0.5388,1.8559762435040834,,,,,,False,False
"Snedeker, Brandt",8820,-0.25795,-0.2458606239332477,0.423728813559322,0.4659,0.08325,12.012012012012011,0.0701056284225034,14.264189944540991,0.0839555638805638,11.911062873958077,0.0706997905755262,14.144313467686064,-0.278,-0.533,0.149,0.133,0.0889926149940054,0.287491357678045,-0.0559222665827529,2.76924803681915,2.14638334406525,0.5341,1.872308556450103,,,,,,False,False
"Tosti, Alejandro",17032,-0.2982000000000001,-0.3334230690619707,0.3663003663003663,0.4358,0.08235,12.14329083181542,0.0643259632728382,15.545822388364478,0.0825866425241425,12.108495628789733,0.0645108115826959,15.501277622559542,-0.46,0.04,-0.11,-0.442,-0.058659605033624,-0.0074796272201204,-0.144915635988011,3.03333377541072,2.2946305644791187,0.5642,1.772421127259837,,,,,,False,False
"Malnati, Peter",14926,-0.38925,-0.3330457011431301,0.3937007874015747,0.43605,0.07705,12.978585334198574,0.0635289628427128,15.740851971341543,0.0773248074148074,12.932460272878789,0.0637555459711256,15.684909991248327,-0.444,-0.689,0.127,0.145,0.2124273627216293,0.170300444635279,0.132232701764715,2.92351735481052,2.293314986813439,0.56395,1.7732068445784201,,,,,,False,False
"Hoffman, Charley",5768,-0.294,-0.3261930339608051,0.3134796238244514,0.4371,0.0748,13.36898395721925,0.0522090117521367,19.15378143427649,0.0751288653013653,13.310463241906932,0.0524385536289262,19.06993863858936,-0.301,-0.231,-0.152,-0.555,-0.0414107453113063,0.597810284967174,-0.289712368390166,2.95369211534316,2.2878059940517046,0.5629,1.7765144785930007,,,,,,False,False
"Phillips, Chandler",27164,-0.30345,-0.3150045112512621,0.4424778761061947,0.44485,0.0726,13.774104683195592,0.0698534733553483,14.315680408802962,0.0721673845598845,13.85667509081196,0.0694372241663784,14.401497352542515,-0.472,-0.251,0.078,0.111,0.0509399927944731,0.0252375611030543,-0.0895519429293108,2.83102085223371,2.2479487467685737,0.55515,1.801314959920742,,,,,,False,False
"Sargent, Gordon",30814,-0.4302000000000001,-0.4054188667698759,0.3636363636363636,0.41505,0.07175,13.937282229965158,0.0600147476896741,16.662571092872483,0.071925983044733,13.9031815439779,0.0601619473834346,16.621802376618984,-0.763,0.075,-0.144,-0.149,-0.0531484754055458,-0.0443052044453729,0.161556204964737,3.06284543018444,2.4093482712926155,0.5849500000000001,1.709547824600393,,,,,,False,False
"Villegas, Camilo",9171,-0.3697,-0.3353849451001957,0.3278688524590164,0.42985,0.07145,13.995801259622114,0.0504432873376623,19.824243279509115,0.071312275086025,14.022831255820751,0.0503460543438318,19.86252970631284,-0.274,-0.856,0.03,-0.08,0.192803936349315,0.163058493050907,0.0344086830616372,2.91726488177607,2.3263929277654998,0.5701499999999999,1.7539244058581078,,,,,,False,False
"Garnett, Brice",11451,-0.3171,-0.3168840278487039,0.3952569169960475,0.4348,0.0682,14.66275659824047,0.0577015482896733,17.330557491799013,0.068342856032856,14.63210726106101,0.057822413601672,17.294331690973955,-0.404,-0.374,0.048,-0.062,0.0143085448467237,0.13835496689545,-0.0406631533907442,2.79859788339425,2.2999080036798527,0.5651999999999999,1.7692852087756548,,,,,,False,False
"Campos, Rafael",12909,-0.4155,-0.4097608855174284,0.3076923076923077,0.4101,0.0666,15.015015015015011,0.0463953136909387,21.553901039692857,0.0665287096237096,15.03110470135465,0.0463456509376183,21.57699762046733,-0.55,-0.256,-0.319,-0.171,-0.010075642621388,0.0529347243172108,0.0204997126442494,2.98180946627076,2.43842965130456,0.5899,1.6952025767079166,,,,,,False,False
"Lee, K.H.",13497,-0.415,-0.4429632637450753,0.3289473684210526,0.39615,0.0549,18.21493624772313,0.0430917448523698,23.20630096149389,0.0556158305583305,17.980492064236785,0.0436536098392024,22.90761299428588,-0.56,-0.316,-0.077,-0.203,0.0038475012723367,0.0169191526880935,-0.145969857533568,2.92360144127019,2.524296352391771,0.60385,1.6560404073859403,,,,,,False,False
"Capan III, Frankie",21412,-0.6666000000000001,-0.6510975905745832,0.2544529262086514,0.32505,0.0338,29.58579881656805,0.024959495041995,40.06491310491146,0.0342649511599511,29.18434044548701,0.0253028366447042,39.52126056227354,-0.754,-1.12,0.067,0.214,0.2727690603158971,-0.0491351703290003,-0.0465886904486139,2.98147917491972,3.076449776957391,0.6749499999999999,1.4815912289799247,,,,,,False,False
"Palmer, Ryan",7820,-0.6963499999999999,-0.7046182770935613,0.1675041876046901,0.3095,0.0302,33.11258278145695,0.0181666732572982,55.04585158971037,0.0302186165223665,33.092183398265206,0.018177871942034,55.01193996683559,-0.962,-0.365,-0.171,-0.589,-0.026614953987799,0.312604945012093,-0.106185144726931,3.05364787675965,3.2310177705977385,0.6905,1.448225923244026,,,,,,False,False
"Todd, Brendon",12425,-0.97305,-0.9760848446970666,0.1766784452296819,0.2139,0.0108,92.59259259259258,0.0083857936861613,119.2492967779848,0.01085965007215,92.08399841211576,0.0084321097230515,118.5942821956186,-1.281,-1.216,0.16,0.195,0.2183153003726282,0.25407530504443,-0.187850699932754,2.90630400869122,4.675081813931744,0.7861,1.272102785905101,,,,,,False,False
