group_id,player_name,dg_id,odds,book,p_model,p_push,opponents,market_odds_best_dec,market_book_best,edge_prob,ev_per_unit,value_flag,strategy_qualified,strategy_name,strategy_tier,strategy_rule,strategy_stake_multiplier,bet_flag
4,"Homa, Max",17538,2.62,bet365,0.2492,,"Kitayama, Kurt, Fisk, Steven",2.62,bet365,-0.13247938931297706,-0.347096,False,False,3-ball: watchlist only,Watchlist,not_backtested,,False
4,"Kitayama, Kurt",21891,2.5,bet365,0.4705999999999999,,"Homa, Max, Fisk, Steven",2.5,bet365,0.07059999999999989,0.17649999999999977,True,False,3-ball: watchlist only,Watchlist,not_backtested,,False
4,"Fisk, Steven",26657,3.2,bet365,0.28019999999999995,,"Homa, Max, Kitayama, Kurt",3.2,bet365,-0.03230000000000005,-0.10336000000000001,False,False,3-ball: watchlist only,Watchlist,not_backtested,,False
6,"Scott, Adam",6430,2.9,bet365,0.39323333333333327,,"Thomas, Justin, Clark, Wyndham",2.9,bet365,0.04840574712643669,0.14037666666666648,True,False,3-ball: watchlist only,Watchlist,not_backtested,,False
6,"Thomas, Justin",14139,2.62,bet365,0.2903333333333333,,"Scott, Adam, Clark, Wyndham",2.62,bet365,-0.09134605597964379,-0.23932666666666674,False,False,3-ball: watchlist only,Watchlist,not_backtested,,False
6,"Clark, Wyndham",23604,2.7,bet365,0.31643333333333323,,"Scott, Adam, Thomas, Justin",2.7,bet365,-0.05393703703703712,-0.14563000000000026,False,False,3-ball: watchlist only,Watchlist,not_backtested,,False
7,"Finau, Tony",11676,4.0,bet365,0.17170000000000007,,"Yu, Kevin, Gerard, Ryan",4.0,bet365,-0.07829999999999993,-0.3131999999999997,False,False,3-ball: watchlist only,Watchlist,not_backtested,,False
7,"Yu, Kevin",17881,3.0,bet365,0.3196999999999999,,"Finau, Tony, Gerard, Ryan",3.0,bet365,-0.013633333333333442,-0.04090000000000038,False,False,3-ball: watchlist only,Watchlist,not_backtested,,False
7,"Gerard, Ryan",29767,1.95,bet365,0.5086,,"Finau, Tony, Yu, Kevin",1.95,bet365,-0.004220512820512834,-0.008229999999999904,False,False,3-ball: watchlist only,Watchlist,not_backtested,,False
8,"Fowler, Rickie",12965,3.2,bet365,0.2718666666666667,,"Matsuyama, Hideki, Bradley, Keegan",3.2,bet365,-0.0406333333333333,-0.1300266666666665,False,False,3-ball: watchlist only,Watchlist,not_backtested,,False
8,"Matsuyama, Hideki",13562,2.1,bet365,0.3873666666666666,,"Fowler, Rickie, Bradley, Keegan",2.1,bet365,-0.08882380952380958,-0.18653000000000008,False,False,3-ball: watchlist only,Watchlist,not_backtested,,False
8,"Bradley, Keegan",13872,3.25,bet365,0.3407666666666666,,"Fowler, Rickie, Matsuyama, Hideki",3.25,bet365,0.0330743589743589,0.10749166666666654,True,False,3-ball: watchlist only,Watchlist,not_backtested,,False
9,"Harman, Brian",8825,2.15,bet365,0.3712666666666666,,"Hoge, Tom, Thompson, Davis",2.15,bet365,-0.09384961240310086,-0.20177666666666683,False,False,3-ball: watchlist only,Watchlist,not_backtested,,False
9,"Hoge, Tom",15575,4.75,bet365,0.23516666666666666,,"Harman, Brian, Thompson, Davis",4.75,bet365,0.02464035087719299,0.1170416666666666,True,False,3-ball: watchlist only,Watchlist,not_backtested,,False
9,"Thompson, Davis",27364,2.4,bet365,0.39356666666666656,,"Harman, Brian, Hoge, Tom",2.4,bet365,-0.02310000000000012,-0.05544000000000027,False,False,3-ball: watchlist only,Watchlist,not_backtested,,False
11,"Putnam, Andrew",14704,2.87,bet365,0.25359999999999994,,"Lipsky, David, Hodges, Lee",2.87,bet365,-0.09483205574912895,-0.27216800000000013,False,False,3-ball: watchlist only,Watchlist,not_backtested,,False
11,"Lipsky, David",15980,3.0,bet365,0.25719999999999993,,"Putnam, Andrew, Hodges, Lee",3.0,bet365,-0.07613333333333339,-0.22840000000000027,False,False,3-ball: watchlist only,Watchlist,not_backtested,,False
11,"Hodges, Lee",25157,2.45,bet365,0.4892000000000001,,"Putnam, Andrew, Lipsky, David",2.45,bet365,0.08103673469387768,0.19854000000000027,True,False,3-ball: watchlist only,Watchlist,not_backtested,,False
13,"Kohles, Ben",16395,3.2,bet365,0.32969999999999994,,"Mitchell, Keith, Kim, Michael",3.2,bet365,0.017199999999999938,0.055039999999999756,True,False,3-ball: watchlist only,Watchlist,not_backtested,,False
13,"Mitchell, Keith",17365,2.5,bet365,0.35389999999999994,,"Kohles, Ben, Kim, Michael",2.5,bet365,-0.046100000000000085,-0.11525000000000019,False,False,3-ball: watchlist only,Watchlist,not_backtested,,False
13,"Kim, Michael",17543,2.6,bet365,0.3164,,"Kohles, Ben, Mitchell, Keith",2.6,bet365,-0.06821538461538457,-0.17735999999999996,False,False,3-ball: watchlist only,Watchlist,not_backtested,,False
14,"McCarthy, Denny",19870,3.1,bet365,0.2540666666666666,,"Nakajima, Keita, Greyserman, Max",3.1,bet365,-0.0685139784946237,-0.21239333333333343,False,False,3-ball: watchlist only,Watchlist,not_backtested,,False
14,"Nakajima, Keita",21074,2.4,bet365,0.4231666666666666,,"McCarthy, Denny, Greyserman, Max",2.4,bet365,0.006499999999999895,0.015599999999999725,True,False,3-ball: watchlist only,Watchlist,not_backtested,,False
14,"Greyserman, Max",23465,2.8,bet365,0.3227666666666666,,"McCarthy, Denny, Nakajima, Keita",2.8,bet365,-0.03437619047619056,-0.09625333333333352,False,False,3-ball: watchlist only,Watchlist,not_backtested,,False
16,"Horschel, Billy",11276,3.4,bet365,0.277,,"Castillo, Ricky, Brennan, Michael",3.4,bet365,-0.017117647058823515,-0.05819999999999992,False,False,3-ball: watchlist only,Watchlist,not_backtested,,False
16,"Castillo, Ricky",27819,2.75,bet365,0.2691,,"Horschel, Billy, Brennan, Michael",2.75,bet365,-0.09453636363636364,-0.25997499999999996,False,False,3-ball: watchlist only,Watchlist,not_backtested,,False
16,"Brennan, Michael",29197,2.3,bet365,0.4539,,"Horschel, Billy, Castillo, Ricky",2.3,bet365,0.01911739130434781,0.043969999999999954,True,False,3-ball: watchlist only,Watchlist,not_backtested,,False
17,"Jaeger, Stephan",16394,3.2,bet365,0.2740666666666666,,"Thorbjornsen, Michael, McCarty, Matt",3.2,bet365,-0.038433333333333375,-0.12298666666666669,False,False,3-ball: watchlist only,Watchlist,not_backtested,,False
17,"Thorbjornsen, Michael",26649,2.1,bet365,0.4742666666666668,,"Jaeger, Stephan, McCarty, Matt",2.1,bet365,-0.0019238095238093833,-0.0040399999999997105,False,False,3-ball: watchlist only,Watchlist,not_backtested,,False
17,"McCarty, Matt",28635,3.25,bet365,0.2516666666666666,,"Jaeger, Stephan, Thorbjornsen, Michael",3.25,bet365,-0.056025641025641115,-0.1820833333333336,False,False,3-ball: watchlist only,Watchlist,not_backtested,,False
18,"Smalley, Alex",18474,2.75,bet365,0.4550333333333334,,"McNealy, Maverick, Echavarria, Nico",2.75,bet365,0.09139696969696975,0.2513416666666668,True,False,3-ball: watchlist only,Watchlist,not_backtested,,False
18,"McNealy, Maverick",18634,2.5,bet365,0.35413333333333336,,"Smalley, Alex, Echavarria, Nico",2.5,bet365,-0.04586666666666667,-0.11466666666666658,False,False,3-ball: watchlist only,Watchlist,not_backtested,,False
18,"Echavarria, Nico",22833,3.0,bet365,0.19083333333333338,,"Smalley, Alex, McNealy, Maverick",3.0,bet365,-0.14249999999999993,-0.4274999999999998,False,False,3-ball: watchlist only,Watchlist,not_backtested,,False
19,"Spieth, Jordan",14636,3.6,bet365,0.33813333333333323,,"Lee, Min Woo, Im, Sungjae",3.6,bet365,0.06035555555555544,0.21727999999999958,True,False,3-ball: watchlist only,Watchlist,not_backtested,,False
19,"Lee, Min Woo",16841,2.3,bet365,0.39503333333333324,,"Spieth, Jordan, Im, Sungjae",2.3,bet365,-0.03974927536231898,-0.09142333333333363,False,False,3-ball: watchlist only,Watchlist,not_backtested,,False
19,"Im, Sungjae",17488,2.62,bet365,0.26683333333333337,,"Spieth, Jordan, Lee, Min Woo",2.62,bet365,-0.1148460559796437,-0.30089666666666653,False,False,3-ball: watchlist only,Watchlist,not_backtested,,False
20,"Schauffele, Xander",19895,2.62,bet365,0.4125333333333333,,"Morikawa, Collin, Bridgeman, Jacob",2.62,bet365,0.03085394402035624,0.08083733333333332,True,False,3-ball: watchlist only,Watchlist,not_backtested,,False
20,"Morikawa, Collin",22085,2.6,bet365,0.3460333333333333,,"Schauffele, Xander, Bridgeman, Jacob",2.6,bet365,-0.03858205128205128,-0.10031333333333337,False,False,3-ball: watchlist only,Watchlist,not_backtested,,False
20,"Bridgeman, Jacob",29433,3.0,bet365,0.2414333333333333,,"Schauffele, Xander, Morikawa, Collin",3.0,bet365,-0.09190000000000001,-0.2757000000000001,False,False,3-ball: watchlist only,Watchlist,not_backtested,,False
21,"Taylor, Nick",13126,2.37,bet365,0.3152,,"Pendrith, Taylor, Potgieter, Aldrich",2.37,bet365,-0.10674092827004217,-0.2529760000000001,False,False,3-ball: watchlist only,Watchlist,not_backtested,,False
21,"Pendrith, Taylor",17780,2.7,bet365,0.39039999999999997,,"Taylor, Nick, Potgieter, Aldrich",2.7,bet365,0.02002962962962962,0.05408000000000002,True,False,3-ball: watchlist only,Watchlist,not_backtested,,False
21,"Potgieter, Aldrich",27900,3.4,bet365,0.2943999999999999,,"Taylor, Nick, Pendrith, Taylor",3.4,bet365,0.0002823529411763448,0.0009599999999996278,True,False,3-ball: watchlist only,Watchlist,not_backtested,,False
23,"Parry, John",13764,2.45,bet365,0.33499999999999996,,"Kozuma, Jinichiro, Wallace, Matt",2.45,bet365,-0.07316326530612244,-0.17925000000000002,False,False,3-ball: watchlist only,Watchlist,not_backtested,,False
23,"Kozuma, Jinichiro",14209,4.2,bet365,0.16410000000000002,,"Parry, John, Wallace, Matt",4.2,bet365,-0.07399523809523806,-0.31077999999999983,False,False,3-ball: watchlist only,Watchlist,not_backtested,,False
23,"Wallace, Matt",20706,2.25,bet365,0.5008999999999999,,"Parry, John, Kozuma, Jinichiro",2.25,bet365,0.05645555555555548,0.12702499999999972,True,False,3-ball: watchlist only,Watchlist,not_backtested,,False
