player_name,dg_id,skill_pred,custom_pred,p_make_cut,p_make_cut_model,p_make_cut_anchored,make_cut_fair_odds_dec_model,make_cut_fair_odds_dec_anchored,p_miss_cut_model,p_miss_cut_anchored,miss_cut_fair_odds_dec_model,miss_cut_fair_odds_dec_anchored,win_prob_model,win_fair_odds_dec,win_prob_anchored,win_fair_odds_dec_anchored,top5_prob_model,top5_fair_odds_dec,top5_prob_anchored,top5_fair_odds_dec_anchored,top10_prob_model,top10_fair_odds_dec,top10_prob_anchored,top10_fair_odds_dec_anchored,top20_prob_model,top20_fair_odds_dec,top20_prob_anchored,top20_fair_odds_dec_anchored,top20_prob_dh,top20_fair_odds_dec_dh,top20_prob_anchored_dh,top20_fair_odds_dec_anchored_dh,sg_app,sg_ott,sg_arg,sg_putt,sg_total,driving_acc,driving_dist,total_fit_adjustment,total_course_history_adjustment,timing_adjustment,std_deviation,market_odds_best_dec,market_book_best,market_prob_best,edge_prob,ev_per_unit,value_flag,bet_flag
"Kitayama, Kurt",21891,0.4702,0.4666828682671983,0.6944444444444444,0.7114,0.7029222222222222,1.405678942929435,1.4226325024105717,0.2885999999999999,0.2970777777777778,3.4650034650034653,3.3661218536111006,0.0183381258741325,54.531199472819935,0.0140107296037329,71.37387047520839,0.0919134478426857,10.87980076333931,0.0753240023604963,13.275980678961506,0.1783387103350549,5.607307567276022,0.1521494026663249,6.5724871900619615,0.3302482240582126,3.0280253674391626,0.2991508692764882,3.3427948995052272,0.3305158300174753,3.025573691726436,0.2993932765008278,3.340088367005245,0.697,0.387,0.019,-0.118,0.985,-0.017,9.8,0.0408573263787921,-0.0415737135839723,-0.0272626998548218,2.84982645042504,151.0,betmgm,0.006622516556291391,0.007388213047441509,1.1156201701636679,True,True
"Gerard, Ryan",29767,0.5143999999999999,0.4839966732057801,0.7042253521126761,0.7164,0.7103126760563381,1.3958682300390843,1.4078307113312525,0.2835999999999999,0.2896873239436619,3.526093088857546,3.4519977829422697,0.0168009610815575,59.52040452600653,0.013283813874112,75.27958532668323,0.0910946881131718,10.977588492949732,0.0753231013317181,13.27613948868174,0.1768400327387598,5.6548281772672375,0.1532854315329199,6.523777178297846,0.337132061053255,2.966196679354193,0.3072626636620105,3.254544460696344,0.3354273497304805,2.9812715057478494,0.305708987217907,3.2710847302870016,0.72,0.49,0.005,-0.046,1.17,0.044,1.297,-0.0495699218216232,-0.0502557187049099,-0.0647549231207927,2.79255301603932,151.0,betmgm,0.006622516556291391,0.006661297317820609,1.005855894990912,True,True
"Stevens, Sam",25569,0.3497499999999999,0.3532786221942768,0.7042253521126761,0.6715,0.687862676056338,1.4892032762472078,1.4537785444810165,0.3285,0.312137323943662,3.0441400304414,3.203718117928412,0.0104758845689371,95.4573328313652,0.0095212756178018,105.02794374845146,0.0573665278024314,17.431767936939966,0.0570257870493638,17.53592631933968,0.1243067907227652,8.044612801807796,0.1252167858135231,7.986149728273909,0.2661783600829463,3.756879408560413,0.2698430742259922,3.7058575724737897,0.2653802569210757,3.768177827551809,0.2690339828682968,3.717002548668883,0.346,0.579,0.11,0.037,1.072,0.029,5.758,-0.0047462781527009,-0.0502557187049099,0.0600811781527675,2.7638035166598,201.0,betmgm,0.004975124378109453,0.004546151239692348,0.9137763991781618,True,True
"Berger, Daniel",17606,0.4035,0.405937411919646,0.6369426751592356,0.69585,0.6663963375796178,1.4370913271538406,1.5006084871835372,0.30415,0.3336036624203822,3.287851389117212,2.99756900971871,0.0146272823949256,68.36539919041351,0.0094803078641294,105.48180653327596,0.0755930895467006,13.228722440061272,0.0549688992707048,18.19210523163852,0.15301591090128,6.535268091467698,0.1172514865954212,8.528676514358592,0.3044588277073796,3.2845163581892143,0.2491121668645678,4.014255957813813,0.3040638469910266,3.288782964156576,0.2487889885127974,4.019470499790875,0.622,0.372,-0.222,-0.094,0.677,0.05,1.93,-0.0829969338380792,0.0953008910912594,0.0237083251178648,2.79139668679514,181.0,unibet,0.0055248618784530384,0.003955445985676362,0.7159357234074215,True,True
"Reitan, Kristoffer",21407,0.14535,0.139973397941786,0.625,0.5891,0.60705,1.6975046681378374,1.6473107651758505,0.4109,0.39295,2.433682161109759,2.544853034737244,0.0060721296193344,164.68686650164298,0.0056027314763338,178.48437038684364,0.0386427375923821,25.878083756600518,0.0368383463094185,27.14562677707189,0.0836123449309046,11.959956401490444,0.083294913146068,12.00553505886218,0.1895632864463649,5.275283092767755,0.1911647353625244,5.231090337365841,0.1891674670296506,5.286321245942662,0.1907655720252241,5.24203602035578,-0.013,0.586,-0.142,0.202,0.632,0.008,9.474,0.0192033902289364,-0.0502557187049099,-0.0083946114913237,2.90859351556379,301.0,betmgm,0.0033222591362126247,0.0022804723401211755,0.6864221743764738,True,True
"Li, Haotong",15310,0.2056,0.2008886539417455,0.5847953216374269,0.6106,0.5976976608187134,1.6377333770062232,1.673086688393964,0.3893999999999999,0.4023023391812865,2.568053415511043,2.4856927305843413,0.0056250549560641,177.77604091173086,0.004537527478032,220.3843403354324,0.0399244826664583,25.04728760931768,0.0315377274443402,31.70805511477839,0.092924091798862,10.761471870659124,0.0757900317099168,13.194347296587212,0.211491299958605,4.728326887185093,0.180919275612928,5.5273270170475,0.2101484997613298,4.758539799883041,0.1797705832599495,5.562645355352678,0.252,0.36,-0.185,-0.045,0.382,0.005,5.303,-0.0138521335862934,0.0209727453194344,-0.0254341556945549,2.83543923050847,351.0,unibet,0.002849002849002849,0.0016885246290291507,0.5926721447892319,True,True
"Keefer, Johnny",32457,0.22685,0.2212535417910511,0.5714285714285714,0.61505,0.5932392857142856,1.6258840744654903,1.6856604477836576,0.38495,0.4067607142857143,2.5977399662293803,2.4584478413949933,0.0068742629496581,145.4701409188492,0.0050454648081623,198.1977950539328,0.0421361865647102,23.73257006692478,0.0321834967215085,31.07182568299639,0.0955576534957899,10.46488652051358,0.0756721303193235,13.214904824010766,0.2137389585793483,4.678604250000405,0.1788005859839057,5.592822833869306,0.2146395442592964,4.658973738743803,0.1795539593902968,5.569356439677823,0.246,0.549,-0.231,-0.226,0.338,-0.009,11.334,-0.0037528461926285,-0.0502557187049099,0.0134623441765664,2.87806115731978,301.0,bet365,0.0033222591362126247,0.001723205671949675,0.5186849072568521,True,True
"Ortiz, Carlos",14735,0.2438,0.2286619284299503,0.591715976331361,0.61715,0.6044329881656805,1.6203516163007374,1.6544431220320672,0.38285,0.3955670118343195,2.6119890296460757,2.5280166699513438,0.0071267352159769,140.3167045912094,0.0052883676079884,189.0942676695602,0.039719195922543,25.176743304424253,0.0326079775909011,30.66734197827213,0.091531554326061,10.925194129641016,0.0779380303496587,12.830706594888676,0.2104187985715057,4.75242709676519,0.1847090399691433,5.413920185861263,0.2117764790888575,4.7219597015796,0.185900833984922,5.379212016236074,0.378,0.112,0.212,-0.133,0.57,-0.026,5.167,0.0535085162094372,-0.0801133049113684,-0.0691138953761594,2.83972039561989,276.0,unibet,0.0036231884057971015,0.0016651792021912981,0.45958945980479826,True,True
"Jarvis, Casey",26947,0.23015,0.2445214843612584,0.6134969325153374,0.6343,0.6238984662576688,1.576541068894845,1.602824905145707,0.3657,0.3761015337423312,2.7344818156959256,2.658856479657709,0.0076341043876082,130.99113520417805,0.0056337188604707,177.50264519171213,0.0468447949003654,21.34708887352177,0.0372451686142038,26.84911995857199,0.1021852860655674,9.786144742584051,0.0857988767990174,11.655164231840525,0.2259085161240411,4.426570618749597,0.2002602309548685,4.993502680147033,0.225450965472854,4.4355543029174,0.1998546278344003,5.0036369476948055,0.303,0.252,-0.143,0.148,0.559,0.034,-3.613,-0.0443400833396954,-0.0502557187049099,0.15388929417467,2.815213864577,251.0,unibet,0.00398406374501992,0.0016496551154507799,0.4140634339781457,True,True
"Kim, Si Woo",14609,0.62845,0.6589555505557956,0.8,0.77505,0.787525,1.2902393393974585,1.269800958699724,0.2249499999999999,0.2124749999999999,4.445432318292954,4.7064360513001535,0.0317595835337921,31.48655897631659,0.027354791766896,36.556666507334526,0.1400481904243742,7.140399293770229,0.1298301732545151,7.702369756833264,0.2499939161595857,4.000097343815525,0.2407670660042759,4.153391975886937,0.4361471529654873,2.292804144657872,0.4303334165269586,2.3237795662502405,0.437224219958082,2.287156004522972,0.4313961264761128,2.3180551206348667,0.823,0.674,0.203,-0.13,1.57,0.107,-2.498,-0.1216528462459327,0.230389272968657,0.101388644298418,2.74694922222459,51.0,betmgm,0.0196078431372549,0.0077469486296411,0.39509438011169606,True,True
"Neergaard-Petersen, Rasmus",23841,0.1933,0.1601554790103073,0.5586592178770949,0.5983,0.5784796089385476,1.6714023065351828,1.7286694025998606,0.4016999999999999,0.4215203910614524,2.489419965148121,2.372364472052818,0.0052795385279517,189.4104938728358,0.0037064359306425,269.8009674827025,0.0341566155953615,29.27690529549417,0.0258861649405379,38.63067404140627,0.0778281880083786,12.84881513484992,0.0622629504255456,16.06091573183324,0.188443303719594,5.306635896640892,0.157362618046388,6.354749383396861,0.187354810977627,5.337466354783999,0.1564536546381933,6.391669164344855,0.243,0.319,-0.075,-0.126,0.361,0.026,2.812,-0.0438706276999912,-0.0502557187049099,-0.0841601882197898,2.82507008955414,376.0,unibet,0.0026595744680851063,0.0010468614625573935,0.3936199099215798,True,True
"Taylor, Nick",13126,0.24795,0.2659276797118799,0.6535947712418301,0.6451,0.6493473856209151,1.550147263990079,1.5400077403003416,0.3549,0.3506526143790849,2.817695125387433,2.851825307992474,0.0061219940171942,163.34547162107708,0.0053859970085971,185.66664600886423,0.0424454918285041,23.559628052853725,0.0376079112581674,26.59014995901499,0.0974708581854528,10.25947671556714,0.0903852430056653,11.063752961723193,0.2279045375428239,4.387802063011128,0.2157800537410719,4.634348646515599,0.2282025065628549,4.382072813580446,0.2160621708583907,4.628297475801118,0.439,-0.104,0.278,0.047,0.66,0.023,-5.692,-0.005289704411598,0.0030711568938904,0.0928747353005799,2.69919525205542,251.0,betmgm,0.00398406374501992,0.0014019332635771794,0.351885249157872,True,True
"Spaun, J.J.",17536,0.5223,0.5226039457365746,0.7518796992481203,0.7328,0.7423398496240601,1.3646288209606987,1.3470919020532517,0.2672,0.2576601503759399,3.74251497005988,3.8810813334578382,0.0208887615875404,47.87263217157265,0.0183527141271035,54.48785357165152,0.0999103477354926,10.008973271191564,0.0923061031005505,10.833519847660382,0.1947086992513521,5.135877358561604,0.184086502403454,5.432228799742989,0.3637735894897617,2.748962620960543,0.3534436479148588,2.8293053387704123,0.3655833641610957,2.735354225689947,0.3552020310966545,2.8152992169346254,0.754,0.422,0.073,-0.052,1.197,0.036,2.233,-0.0287570199856768,0.0027925359890125,0.0281823466767905,2.78325485341249,71.0,unibet,0.014084507042253521,0.004268207084849979,0.30304270302434844,True,True
"Noren, Alex",10419,0.17445,0.1773055309083179,0.6944444444444444,0.6066,0.6505222222222222,1.6485328058028357,1.5372265017848907,0.3933999999999999,0.3494777777777778,2.5419420437214035,2.86141226592058,0.0044491727298993,224.76088493480708,0.0063995863649496,156.26009916468408,0.0327380658718367,30.54548194492641,0.043190031613167,23.153490809095324,0.0784413116709056,12.748384476223723,0.0982415363669583,10.178993906047372,0.188137887481755,5.315250497308664,0.2241703207666295,4.460893826533981,0.1889729398754373,5.2917629405519975,0.2251653035712857,4.441181585880557,0.208,-0.063,0.287,0.471,0.903,0.032,-6.173,0.0231587142485465,-0.122410225617683,0.0829266095063055,2.73141485856698,201.0,betmgm,0.004975124378109453,0.001424461986840147,0.2863168593548696,True,True
"Novak, Andrew",23475,0.13105,0.152082927735859,0.591715976331361,0.5955,0.5936079881656805,1.6792611251049538,1.6846134484984263,0.4044999999999999,0.4063920118343195,2.4721878862793574,2.460678288154164,0.0046433774128306,215.3604824877665,0.0038550220397486,259.4018891952199,0.0346643096315156,28.848115269857683,0.0294368175141705,33.97106360151239,0.0806405535884986,12.400708520714131,0.0703512899015124,14.214380452724315,0.1851862782986525,5.399968124999445,0.1696470188575807,5.894592234712379,0.1863166525201326,5.367206776602773,0.1706825416761683,5.858830025494198,0.191,0.026,0.118,0.077,0.413,-0.006,-0.13,0.0293347647072695,-0.0502557187049099,0.113521663000708,2.83134433780572,326.0,unibet,0.003067484662576687,0.0007875373771719127,0.25673718495804354,True,True
"Morikawa, Collin",22085,0.7049500000000001,0.7186008375738006,0.78125,0.78745,0.78435,1.269921899803162,1.2749410339771785,0.21255,0.21565,4.704775346977182,4.637143519591931,0.038541404326223,25.946122552665123,0.0303790354964448,32.917437425458296,0.1600340733512721,6.248669293101205,0.136215439453414,7.341311704551684,0.2785136467094885,3.590488336261232,0.2463840873638832,4.058703671569121,0.465595642528412,2.14778642379364,0.4293410096498945,2.329150902252381,0.464103893186908,2.154689962053973,0.4279654186650909,2.336637392617372,0.951,0.724,0.052,-0.043,1.684,0.094,1.986,-0.104191816901757,0.269194792140438,-0.0294500893345688,2.7934881275693,41.0,unibet,0.024390243902439025,0.005988791594005775,0.24554045535423685,True,True
"Clark, Wyndham",23604,0.19405,0.1993579692413181,0.591715976331361,0.60915,0.6004329881656805,1.641631781991299,1.6654647890932752,0.39085,0.3995670118343195,2.558526288857618,2.502709108565374,0.0075832258089124,131.87000165875568,0.0054916129044562,182.09586462085525,0.0424454918285041,23.559628052853725,0.0344295646973208,29.044805207131027,0.0935949954278417,10.684331949895356,0.0794343603882835,12.58901053790695,0.2058752118412947,4.857311334649072,0.1839079414184828,5.437503091421692,0.2069789124326251,4.831410061281076,0.1848938750910146,5.408507986041976,0.332,-0.001,0.197,-0.08,0.448,-0.039,8.332,0.0810336226569538,-0.0505921331111482,-0.0165496766170019,2.87715529557664,226.0,unibet,0.004424778761061947,0.001066834143394253,0.2411045164071013,True,True
"McNealy, Maverick",18634,0.36315,0.3929482274327135,0.7633587786259541,0.6773,0.7203293893129771,1.4764506127270045,1.3882537833889608,0.3227,0.2796706106870229,3.098853424233034,3.575634914027816,0.0135511150037097,73.79466558480526,0.0163005575018548,61.34759500625712,0.0718329466616451,13.921188625468776,0.084798622801722,11.792644349168516,0.1484023747183363,6.738436644952433,0.1701382265005821,5.8775739031027125,0.2938821066639813,3.4027250292695745,0.3294189223148596,3.0356483257637423,0.2933966580218277,3.408355114684379,0.3288747722461373,3.0406710529063545,0.405,0.336,0.183,0.381,1.304,0.003,5.919,0.0704693771042525,-0.0212392723800668,0.094451214344365,2.84406084691482,76.0,betmgm,0.013157894736842105,0.0031426627650126965,0.23884237014096488,True,True
"Penge, Marco",22465,0.2845,0.3054768664833084,0.6622516556291391,0.64495,0.6536008278145695,1.5505077913016512,1.5299858223002527,0.35505,0.3463991721854305,2.8165047176454023,2.886842926589592,0.0124294579996697,80.45403106286443,0.0101980623331681,98.0578434736175,0.0614370485026404,16.276823584014164,0.054974460097881,18.19026504706945,0.1235201174578028,8.095847223765974,0.1143616574542499,8.74418946227714,0.2535896298926953,3.9433789166502704,0.2417475985285062,4.136545744763967,0.2539214048727319,3.938226477997042,0.2420638804076572,4.131140913365144,0.187,0.807,-0.156,-0.045,0.793,-0.044,20.677,0.0864907700483194,-0.0502557187049099,0.0560853513969047,2.92176333588619,121.0,unibet,0.008264462809917356,0.0019335995232507442,0.23396554231334,True,True
"Hojgaard, Nicolai",23602,0.44615,0.4788020684781777,0.7352941176470588,0.7065,0.7208970588235294,1.4154281670205238,1.3871606046388285,0.2935,0.2791029411764706,3.4071550255536627,3.582907423994941,0.020276106579134,49.31913314310021,0.0183797199562336,54.40779306655545,0.0954128474768362,10.48076885288194,0.0893532061458255,11.191540215893182,0.1839114299712026,5.437399949293977,0.1758183174988288,5.687689509408832,0.3413264852936959,2.929746278374927,0.334849568566299,2.986415674004381,0.3391117134944869,2.9488807381354505,0.3326768236625455,3.005920247135584,0.593,0.384,0.0,0.24,1.217,-0.04,15.293,0.1138863506609404,0.0020384823849463,0.0478451299412381,2.8738107373505,67.0,bet365,0.014925373134328358,0.0034543468219052405,0.23144123706765096,True,True
"Griffin, Ben",24968,0.2859,0.2693285251947265,0.7142857142857143,0.6448,0.6795428571428572,1.5508684863523572,1.4715775311133534,0.3551999999999999,0.3204571428571428,2.815315315315316,3.120542082738945,0.0074815618654636,133.66193022023813,0.0078491142660651,127.40291020139692,0.0474684156490307,21.066639497592323,0.0505282389091714,19.790913389987324,0.1021334111389746,9.791115256488236,0.1119808124117193,8.930101313458103,0.2280580988009432,4.384847568482247,0.2488439821297791,4.018582211397308,0.2272091539072267,4.401231124729757,0.2479176619110634,4.03359725277957,0.395,0.015,0.277,0.372,1.059,0.007,0.519,0.0592869565999649,-0.0502557187049099,-0.10445254159765,2.72875176428684,151.0,betmgm,0.006622516556291391,0.0012265977097737088,0.18521625417583,True,True
"Potgieter, Aldrich",27900,0.0553499999999999,0.0621109365372205,0.4926108374384237,0.5621,0.5273554187192119,1.7790428749332858,1.8962543372147385,0.4378999999999999,0.4726445812807881,2.2836263987211693,2.1157547121140508,0.0053287753665228,187.66037808280348,0.0033477210165947,298.71067363229633,0.0323335924224216,30.92758722679246,0.0230867697561843,43.31485134390123,0.0734931661797915,13.60670728967682,0.054770535410723,18.257992048115305,0.1687237786981193,5.926846871946844,0.1336526009060212,7.482084098783511,0.1697546831515169,5.890853680351404,0.1344692200129742,7.436646095690266,-0.081,0.624,-0.324,-0.237,-0.018,-0.05,22.889,0.0591123756077638,-0.0576463832185741,0.0179270944922697,2.97526204975079,351.0,unibet,0.002849002849002849,0.000498718167591851,0.17505007682473972,True,True
"Bridgeman, Jacob",29433,0.3356,0.3479129745089859,0.7407407407407407,0.66895,0.7048453703703703,1.4948800358771208,1.4187508949296734,0.3310499999999999,0.2951546296296297,3.020691738408096,3.3880545978724266,0.0108956736633664,91.77954763478364,0.0128478368316832,77.8341142638085,0.0632408814477146,15.812556326033594,0.0712333838455503,14.038361594167974,0.1300316529467126,7.69043519280496,0.1470400478538278,6.800868298098608,0.270755750716959,3.693365689748078,0.2994840784609325,3.339075670196101,0.2716734889975607,3.680889157384726,0.3004991926459739,3.327795962427515,0.342,0.274,0.107,0.683,1.406,0.006,3.228,0.0799982728267853,-0.0502557187049099,0.0192583887468263,2.8051172498593,91.0,unibet,0.01098901098901099,0.0018588258426722095,0.16915315168317113,True,True
"McCarty, Matt",28635,0.14545,0.1502665111314476,0.625,0.59755,0.611275,1.6735001255125093,1.635924911046583,0.40245,0.388725,2.484780718101628,2.572512701781465,0.0043523565851593,229.7605861178268,0.0036928449592463,270.79393016382903,0.032586344699108,30.687700913793243,0.0305350109738926,32.74929230760709,0.0768069234848614,13.019659616975796,0.0739954305375245,13.514348017650642,0.1850336459354553,5.404422503509587,0.1818649426258471,5.498585849265691,0.1849036740601604,5.4082213621922905,0.1817371965204078,5.502450896934061,0.148,0.147,0.01,0.263,0.568,0.034,-3.706,-0.0212528201690288,0.0197964124557824,0.0304880664844301,2.7683485944049,301.0,unibet,0.0033222591362126247,0.00037058582303367517,0.11154633273313619,True,True
"Bhatia, Akshay",26096,0.4532,0.4761097027381236,0.7407407407407407,0.71145,0.7260953703703703,1.4055801532082366,1.3772295497352025,0.28855,0.2739046296296297,3.465603881476348,3.650905796489045,0.0168556468467966,59.32729898111551,0.0153361567567316,65.20538462552292,0.085976368272507,11.63110305881312,0.0822056808293752,12.16460942736529,0.1680233167541179,5.951554934862885,0.1656246667344424,6.037747998028395,0.3261095768551836,3.0664539497534378,0.3274631665309698,3.0537785687277443,0.3253288817104882,3.073812551600952,0.3266792309390051,3.0611067533298795,0.673,0.165,0.038,0.38,1.256,0.009,1.263,0.0399614154063771,-0.0079880245924378,0.0805781167285693,2.80121118428042,71.0,unibet,0.014084507042253521,0.001251649714478078,0.08886712972794353,True,True
"Hojgaard, Rasmus",23838,0.16255,0.1836055527859625,0.6329113924050632,0.6081,0.6205056962025316,1.64446637066272,1.6115887511105174,0.3919,0.3794943037974684,2.5516713447307984,2.635085665300758,0.0074815618654636,133.66193022023813,0.0066241142660651,150.9635794060692,0.0416210518564043,24.026302925982577,0.0399972388911651,25.00172581215068,0.0912738080238982,10.956045569372645,0.0897657411932863,11.140107425245557,0.1997026697306668,5.007444323847403,0.2015730552283039,4.960980518290943,0.2012348522297047,4.969318132122183,0.2031195879207058,4.923208097440517,0.146,0.191,-0.074,0.419,0.682,-0.059,14.496,0.1423798843039279,-0.0084232931856463,-0.0307846504848803,2.88900293204541,161.0,unibet,0.006211180124223602,0.00041293414184149797,0.06648239683648105,True,True
"Valimaki, Sami",23816,0.06785,0.065385994994489,0.5524861878453039,0.5617,0.5570930939226519,1.7803097739006588,1.7950321246287828,0.4383,0.442906906077348,2.2815423226100844,2.257810809175693,0.0025549862896823,391.3915327210297,0.0024524931448411,407.7483364646699,0.0221589382123914,45.12851610555925,0.0193937250585766,51.563069857884784,0.059470580309433,16.815036860189903,0.0520299627737641,19.21969470453371,0.1531174918268885,6.530932475896216,0.1371838352685337,7.289488575986566,0.1524217986268698,6.560741370386335,0.1365605370404207,7.322759720137952,0.164,-0.179,-0.103,0.327,0.209,0.028,-5.292,-0.0218890049093309,-0.0502557187049099,0.0472607689104584,2.79459000767555,426.0,unibet,0.002347417840375587,0.00010507530446551318,0.04476207970230872,True,True
"Knapp, Jake",19396,0.28505,0.3370783932212458,0.7299270072992701,0.65835,0.694138503649635,1.51894888736994,1.440634678442716,0.34165,0.3058614963503649,2.926972047416947,3.2694536969586325,0.0138731770741033,72.08154229262072,0.0154365885370516,64.78115275274381,0.0649420975173882,15.398332333387438,0.0759639521978475,13.16413866139438,0.1342952049850777,7.446282241507544,0.1526027702414563,6.552960987652752,0.2696754876366635,3.708160533104552,0.2993557804807432,3.3405067321368374,0.2711627896321301,3.6878216268413455,0.3010067738786428,3.32218437184796,0.211,0.396,0.063,0.637,1.307,-0.023,13.694,0.1314995253423968,-0.048818544510134,0.165256349146433,2.90427662062766,67.0,betmgm,0.014925373134328358,0.0005112154027232425,0.03425143198245728,True,True
"Hall, Harry",27194,0.13725,0.1488943598136222,0.6944444444444444,0.6006,0.6475222222222222,1.665001665001665,1.5443485423065704,0.3994,0.3524777777777778,2.503755633450176,2.837058285786338,0.0037279841039638,268.24148711812904,0.0051389920519819,194.59068819036972,0.0292119376814432,34.23258021788964,0.0375601619624147,26.623953352508657,0.0733913365067347,13.625586446545157,0.0904268271639014,11.058665125864357,0.1797955118615408,5.561874096001309,0.2140294346686989,4.672254550164667,0.181626083499539,5.505817120163461,0.2162085558755899,4.625163865279305,0.15,-0.181,0.385,0.615,0.969,-0.026,0.231,0.1317298450165974,-0.0502557187049099,-0.0358162569198037,2.73033655127739,201.0,betmgm,0.004975124378109453,0.00016386767387244726,0.03293740244836185,True,True
"Scott, Adam",6430,0.45155,0.5049976089923521,0.7092198581560284,0.71825,0.7137349290780142,1.392272885485555,1.401080372081238,0.2817499999999999,0.2862650709219858,3.5492457852706307,3.493265862926477,0.0191665183264669,52.174316846012985,0.0144665924965667,69.12477836348275,0.0934979126843452,10.695425932941006,0.0771202129559292,12.966769173361278,0.1859500181670469,5.377789203019366,0.1597515098050239,6.259721746733384,0.3484759910867891,2.8696381546439063,0.3142688208060951,3.181989220041028,0.3480880603127914,2.8728362561513934,0.3139189701707084,3.185535424814251,0.676,0.339,0.03,-0.08,0.964,-0.021,8.59,0.047784420591227,0.19209881644295,0.0753795120383207,2.80883978609275,71.0,betmgm,0.014084507042253521,0.0003820854543131781,0.027128067256235622,True,True
"Gotterup, Chris",27774,0.3761,0.3921434631917751,0.7246376811594204,0.6702,0.6974188405797102,1.4920919128618322,1.4338585966057034,0.3298,0.3025811594202898,3.032140691328078,3.304898434244496,0.0151139495605034,66.16404242960091,0.0150819747802517,66.30431455895251,0.0774245001125261,12.91580828480176,0.07971034198748,12.545423530576098,0.153122062766068,6.530737517086275,0.158081309160812,6.325858542724528,0.2952745128710107,3.386679027176468,0.3040269157807899,3.289182464098087,0.2958022087206935,3.380637366856966,0.3045702533688853,3.2833147326073022,0.386,0.546,0.102,0.171,1.205,-0.042,16.402,0.1207140618482037,-0.0502557187049099,-0.0028049568606456,2.91091141096867,67.0,unibet,0.014925373134328358,0.00015660164592334186,0.010492310276863925,True,True
"Rai, Aaron",18554,0.278,0.2127850727053746,0.5988023952095809,0.62285,0.6108261976047904,1.6055229991169624,1.637126901107487,0.37715,0.3891738023952096,2.651464934376243,2.56954603276325,0.0046433774128306,215.3604824877665,0.0035966887064153,278.0335140531701,0.0354268824455174,28.227152122061185,0.0276689537888962,36.14159059390624,0.0857167199616501,11.666335347962484,0.0699153218615369,14.303016468699653,0.2064366218773851,4.84410174370107,0.17739443860732,5.637155301207597,0.206407681155756,4.844780942262494,0.1773695693616425,5.637945694963485,0.45,0.154,0.111,-0.191,0.524,0.103,-11.296,-0.1592440787151945,-0.0085530602143872,-0.160415762597142,2.71582923653911,276.0,unibet,0.0036231884057971015,-2.649969938180131e-05,-0.007313917029377226,False,False
"Echavarria, Nico",22833,0.1018,0.0758973508473323,0.5524861878453039,0.55865,0.5555680939226519,1.7900295354873357,1.7999593766074395,0.44135,0.444431906077348,2.2657754616517503,2.250063477274204,0.0039670830008761,252.07438306159375,0.0028252081671047,353.95621874645605,0.0267620822702497,37.36630019673974,0.0216300523785111,46.2319731131799,0.0636039639451316,15.722290529921306,0.0539564775233113,18.533455961204275,0.155546708634341,6.428937061926516,0.1390881701494865,7.189684061018556,0.1569382109843925,6.3719344940121045,0.1403324363723247,7.125936282805192,0.156,0.026,-0.126,0.221,0.277,0.034,-5.406,-0.0444518993404588,-0.0385305064846532,-0.0561634665593895,2.81044687005966,351.0,unibet,0.002849002849002849,-2.3794681898149216e-05,-0.008351933346250284,False,False
"Straka, Sepp",17511,0.3474,0.3748629838515909,0.7042253521126761,0.6758,0.6900126760563381,1.479727730097662,1.4492487380309402,0.3242,0.3099873239436619,3.084515731030228,3.2259383618594133,0.0119515051898916,83.67146933473957,0.0106757525949458,93.6702111730676,0.066753262355771,14.980541245615187,0.0628136318392611,15.920111140189755,0.1347694108122255,7.420081411451015,0.1320055576788402,7.575438622311085,0.281359201450744,3.554175569321355,0.276982667612189,3.610334208348832,0.2807295673123298,3.5621470498240586,0.2763628274136867,3.618431644220743,0.487,0.251,0.029,0.139,0.905,0.039,-0.335,-0.0258515709106096,0.077820947044879,0.104800779884905,2.81892844157977,91.0,unibet,0.01098901098901099,-0.0003132583940651905,-0.028506513859932303,False,False
"Hovland, Viktor",18841,0.4622499999999999,0.4813984273494142,0.7194244604316548,0.71775,0.7185872302158274,1.3932427725531171,1.3916194971898546,0.28225,0.2814127697841726,3.5429583702391496,3.553499014159672,0.0165823802222822,60.30497350774001,0.0144745234444744,69.08690319485048,0.0861393776244273,11.60909246825601,0.078893981140256,12.675238155648673,0.1766259944732316,5.661680790431748,0.1626818476454663,6.146967313644647,0.3356307220606004,2.979465031867504,0.3190840719490112,3.133970285297717,0.3350554414407241,2.984580688199072,0.3185371527588473,3.13935122273496,0.723,0.154,0.118,0.143,1.138,0.028,1.063,-6.799651020159697e-05,0.171978154247054,-0.0331734824280174,2.78943227265978,67.0,unibet,0.014925373134328358,-0.0004508496898539584,-0.030206929220215173,False,False
"Burns, Sam",19483,0.2381499999999999,0.2511295929556491,0.7042253521126761,0.6392,0.6717126760563381,1.5644555694618274,1.4887317682778516,0.3608,0.3282873239436619,2.7716186252771617,3.046112131248821,0.0090189734212642,110.87736411799114,0.0095594867106321,104.6081270124884,0.0495515013982432,20.181023213868837,0.0574249835033544,17.41402328729596,0.1097225993394971,9.113892726017722,0.1236043949078435,8.090327214866232,0.234868980327287,4.257692942705811,0.259693674590328,3.850690632251709,0.2338632113542183,4.276003883677801,0.2585815999347426,3.86725118976898,0.196,0.293,-0.015,0.586,1.06,-0.009,9.021,0.0899658791512824,-0.0150032481375877,-0.0138154782698463,2.84834928699379,101.0,unibet,0.009900990099009901,-0.00034150338837780035,-0.034491842226157754,False,False
"Cantlay, Patrick",15466,0.4505,0.4712421933578641,0.7407407407407407,0.7135,0.7271203703703704,1.401541695865452,1.375288110124922,0.2865,0.2728796296296296,3.490401396160559,3.6646194564147807,0.0180627419536977,55.36258019759204,0.0157730376435155,63.39932881673635,0.0838051122295715,11.932446283952814,0.080551600426955,12.414402627627604,0.1689305192808535,5.919593476993113,0.1646255296019467,6.074391999940297,0.3315936106478585,3.0157396520585165,0.3269531192877433,3.0585424668174674,0.3317226828888148,3.014566237350658,0.3270803852254423,3.0573523976705097,0.561,0.437,0.163,0.164,1.325,0.008,4.61,0.0368795346088175,0.162426586983767,-0.0549885080573225,2.76553803524856,61.0,bet365,0.01639344262295082,-0.000620404979435319,-0.03784470374555449,False,False
"Conners, Corey",17576,0.40385,0.4201586180664295,0.6622516556291391,0.69385,0.6780508278145696,1.4412336960438137,1.474815690769241,0.30615,0.3219491721854304,3.266372693124285,3.106080358001474,0.0133367918959277,74.98055063042105,0.0095100626146305,105.1517787550183,0.0764545252098166,13.079670526442577,0.0588132712027919,17.002965139482477,0.152326025494502,6.564866356577351,0.1234000272373904,8.103725926058772,0.3043039683151526,3.28618783887941,0.2609883929802353,3.8315880203750288,0.3035650596338232,3.294186759195062,0.2603546628637105,3.840914501014626,0.591,0.388,-0.039,-0.143,0.796,0.074,-1.427,-0.1072471450665829,0.254145784963417,-0.001819103323832,2.79385515522205,101.0,unibet,0.009900990099009901,-0.0003909274843794004,-0.03948367592231938,False,False
"Garcia, Sergio",5689,0.12025,0.1031963824481759,0.5464480874316939,0.5797,0.563074043715847,1.7250301880282906,1.775965365763949,0.4203,0.436925956284153,2.3792529145848205,2.288717311520065,0.0036803284065761,271.7148823494012,0.0026984975366213,370.5765843507264,0.0266624303461059,37.50595827233166,0.0212827330301958,46.986446645795205,0.067955367221413,14.715541110119924,0.0554013115568344,18.050114192226857,0.1702969406087988,5.872096095355997,0.1437583988018279,6.956115318024011,0.1703195661304287,5.871316036785885,0.1437774984330364,6.955191256618952,0.164,0.217,-0.005,-0.237,0.139,0.049,-2.091,-0.088259934668794,0.0132070918739192,-0.0069134719957658,2.78571700650115,351.0,unibet,0.002849002849002849,-0.000150505312381549,-0.052827364645923636,False,False
"McKibbin, Tom",22322,0.0761999999999999,0.0543613996152628,0.5813953488372093,0.55375,0.5675726744186047,1.8058690744920995,1.7618889088068834,0.44625,0.4324273255813953,2.2408963585434174,2.3125273100063866,0.0027398730956259,364.9804078869393,0.0026616032144796,375.71340256872855,0.0228969524854354,43.67393436467549,0.0215617004490669,46.37853133903803,0.0556540907300343,17.968131127157886,0.0541394828349546,18.4708081355066,0.1456850686305133,6.864121418895723,0.1426922391012116,7.008089622104112,0.1456600387724155,6.865300932415895,0.142667723435125,7.009293874761574,-0.072,0.41,0.089,0.044,0.47,0.036,3.568,-0.0241807555590908,-0.0502557187049099,-0.0473204573359123,2.77620492211818,351.0,unibet,0.002849002849002849,-0.00018739963452324903,-0.06577727171766035,False,False
"Kim, Michael",17543,0.11345,0.144762964562864,0.6097560975609756,0.59165,0.6007030487804879,1.6901884560128455,1.6647160390315006,0.40835,0.3992969512195121,2.4488796375658137,2.504401791563526,0.0042557358437749,234.9769902807172,0.0036612012552207,273.1343977810645,0.0313744761520535,31.87304212359084,0.028165624319413,35.504272465593964,0.0747157424534188,13.384060268469456,0.0694245896009277,14.404118277807378,0.1787280839109259,5.595091594549728,0.1728030157594369,5.786936041626281,0.1801631060105974,5.550525976951011,0.1741904650123941,5.740842358557612,0.213,-0.162,0.11,0.258,0.419,-0.018,-1.952,0.0570397426308005,-0.0268258995420647,0.119644504840068,2.78623409086907,251.0,unibet,0.00398406374501992,-0.00032286248979922043,-0.0810384849396043,False,False
"Henley, Russell",14578,0.4225000000000001,0.4610878194047359,0.78125,0.71715,0.7492,1.3944084222268704,1.3347570742124937,0.28285,0.2508,3.5354428142124794,3.987240829346092,0.0131227814508694,76.20335702030212,0.0163780573921013,61.05730222207366,0.0786652223706795,12.712097797014865,0.0915726045715832,10.92029657426954,0.1605629016681829,6.228088740365356,0.1821478535517439,5.490045479541835,0.3227480512118216,3.0983920623077394,0.3572235796167148,2.7993672788144504,0.3234873300489544,3.091311180096811,0.3580418272607947,2.7929697701816503,0.535,0.259,0.297,0.338,1.429,0.097,-8.504,-0.0716358122824897,0.298236811204653,0.0408973009026792,2.72271036638744,56.0,betmgm,0.017857142857142856,-0.0014790854650415554,-0.08282878604232713,False,False
"Lee, Min Woo",16841,0.42755,0.4811023118654947,0.8064516129032259,0.71515,0.760800806451613,1.398308047262812,1.3144044952633738,0.28485,0.239199193548387,3.5106196243637,4.180616101440628,0.0198315911734932,50.42459736345272,0.0268407955867466,37.25671978567495,0.0936619369988774,10.676695699897651,0.1198460214094917,8.344040029357208,0.1812310266523307,5.517818987575322,0.2215178579028849,4.514308730984603,0.3421551917180856,2.9226503768031,0.3949361403238373,2.532054927108028,0.3420375405171639,2.9236556855367124,0.3948003402181509,2.5329258820988856,0.36,0.637,0.308,0.395,1.7,-0.0,13.026,0.1031721232137743,0.052949849575444,0.124877048932116,2.8487411383999,34.0,bet365,0.029411764705882353,-0.0025709691191357527,-0.08741295005061567,False,False
"Fox, Ryan",11889,0.09805,0.1270341155311803,0.5847953216374269,0.578,0.5813976608187135,1.7301038062283738,1.719993160261117,0.422,0.4186023391812865,2.369668246445497,2.3889020829549743,0.0045947557373266,217.6394257209912,0.0035723778686633,279.9255948739181,0.0287106859924483,34.83023708534959,0.0246205017263829,40.61655652323354,0.0693755644577001,14.414297134976424,0.0616336507353435,16.224902923469916,0.1689267434109105,5.919725792425433,0.1567663025708862,6.378921895844434,0.1697194086161353,5.892078037237101,0.1575019066019035,6.349129490397638,0.092,0.119,0.072,0.105,0.389,-0.061,8.434,0.11249205804784,0.0430774230858147,0.0001204522937006,2.79287148535516,251.0,unibet,0.00398406374501992,-0.00041168587635662026,-0.10333315496551176,False,False
"Woodland, Gary",12577,0.18215,0.2228895816057832,0.6097560975609756,0.62575,0.6177530487804879,1.5980823012385137,1.6187698336319172,0.3742499999999999,0.3822469512195121,2.6720106880427523,2.6161098128045817,0.0077869245266275,128.42040481842076,0.005726795596647,174.61772174747773,0.0453920812385074,22.03027428386935,0.0365429718361849,27.365043119175034,0.1010962266885307,9.89156601344696,0.0849948701985222,11.765415932329844,0.2205883147246392,4.533331700948447,0.1944502741390615,5.142702958005848,0.2207363485413867,4.5302914839714585,0.1945807670723991,5.13925407451972,0.154,0.449,-0.266,0.118,0.455,-0.012,12.247,0.0302094252171989,0.0613683023364629,0.12746225605937,2.85323062783451,151.0,unibet,0.006622516556291391,-0.0008957209596443909,-0.13525386490630298,False,False
"Bradley, Keegan",13872,0.1638,0.1500949575890603,0.6329113924050632,0.59545,0.6141806962025316,1.6794021328407087,1.628185330771518,0.4045499999999999,0.3858193037974684,2.4718823384006923,2.591886901866732,0.0039670830008761,252.07438306159375,0.004208541500438,237.61200879114637,0.0328898391467695,30.40452692813554,0.032978338885554,30.322934198424512,0.0800264660299605,12.49586605043408,0.0792219881256103,12.622758197060778,0.1865601341162499,5.360201978504567,0.1872023106478684,5.341814406773116,0.1871713389948173,5.342698328549595,0.1878156194133723,5.32437080112625,0.138,0.216,0.273,0.066,0.692,0.012,4.623,0.0294581456231707,0.122986416730173,-0.190223170225499,2.81020996787313,201.0,betmgm,0.004975124378109453,-0.0007665828776714529,-0.15408315841196196,False,False
"Lowry, Shane",13900,0.4077,0.4517910004079561,0.6993006993006994,0.7123,0.7058003496503498,1.4039028499227852,1.416831261836857,0.2876999999999999,0.2941996503496502,3.4758428919012867,3.3990523061856823,0.0139806831084745,71.52726317026938,0.0110820082209039,90.23635247930112,0.0787191998794376,12.703381151377924,0.0646853902836341,15.459441391868769,0.1596051086871592,6.265463607183731,0.1380237159597411,7.245131701074335,0.3189740152133263,3.135051610179629,0.2900304025681831,3.447914394991437,0.3180570686707236,3.1440898458234696,0.2891966594975863,3.4578546022532684,0.655,0.165,-0.05,0.112,0.881,0.026,-0.458,-0.0208664835379687,0.231334987747814,0.0678202447668885,2.75262095173646,76.0,unibet,0.013157894736842105,-0.0020758865159382044,-0.15776737521130357,False,False
"Greyserman, Max",23465,0.0041,0.0116676006272414,0.5586592178770949,0.5344,0.5465296089385474,1.87125748502994,1.829727033348053,0.4656,0.4534703910614526,2.147766323024055,2.2052156429866745,0.0029259018619562,341.7749627909249,0.0027796175976447,359.76171716833187,0.0244772275921426,40.8543000319614,0.0218983161770237,45.66561154365036,0.0568075634062733,17.60328977407906,0.053400638064368,18.72636800321787,0.1419477177691029,7.044847326299634,0.1378076487520914,7.256491269210652,0.1418858597449262,7.04791867066767,0.137747594888583,7.259654884056951,0.017,-0.223,0.161,0.344,0.299,-0.066,6.333,0.1448081150937408,-0.0092138704857263,-0.100059709093239,2.88272700587422,301.0,unibet,0.0033222591362126247,-0.0005426415385679246,-0.16333510310894528,False,False
"English, Harris",14577,0.22075,0.244021374660761,0.7246376811594204,0.6365,0.6805688405797101,1.5710919088766695,1.4693590719613283,0.3635,0.3194311594202899,2.751031636863824,3.130564976237197,0.0059725126712955,167.4337176053375,0.0078779230023144,126.9370111520782,0.0424454918285041,23.559628052853725,0.0522547862581674,19.13700297345872,0.0979365554970417,10.21069196200397,0.1169005700164383,8.55427822002392,0.2249362812040845,4.445703443868624,0.2577726496115513,3.879387520386446,0.2244203019462644,4.455924848721759,0.2571813473115358,3.888306871604701,0.141,0.334,0.108,0.489,1.073,0.034,1.492,0.0214820565667109,0.152373134640591,-0.0194050342433492,2.74033459129061,101.0,betmgm,0.009900990099009901,-0.0020230670966955005,-0.20432977676624553,False,False
"Fitzpatrick, Matt",17646,0.6069500000000001,0.6498731513901719,0.819672131147541,0.7638,0.7917360655737705,1.3092432573972244,1.263047173776656,0.2361999999999999,0.2082639344262294,4.233700254022016,4.80159948363127,0.0331527875363202,30.163376123484607,0.0344763937681601,29.005353829191005,0.1370649538329043,7.295811015404408,0.1459181349852351,6.853157766176122,0.2451943523019978,4.07839736360784,0.2621137986257464,3.81513680410175,0.4257702530702087,2.3486845142164072,0.4506612090405619,2.2189617831296298,0.4253424744894264,2.3510466505852308,0.4502084220949572,2.221193453793456,0.769,0.494,0.316,0.289,1.869,0.053,3.017,0.0073589236853078,0.351405556559411,-0.0562973341540074,2.79601510047239,23.0,betmgm,0.043478260869565216,-0.009001867101405117,-0.20704294333231765,False,False
"Harman, Brian",8825,0.10765,0.1175943620902432,0.6060606060606061,0.5855,0.595780303030303,1.7079419299743808,1.6784710654476558,0.4145,0.4042196969696969,2.4125452352231607,2.4739022058961337,0.0039191556858492,255.1569981286153,0.0034512445095912,289.75055149553054,0.02681191854803,37.29684611001009,0.0246345637713695,40.59337154418007,0.06881743166552,14.53120199051305,0.0638655959433901,15.65788254581373,0.1707029867540642,5.858128314068243,0.1636462908943296,6.110740393411815,0.1711519062693217,5.842762852003629,0.1640766525123592,6.094712347478408,0.169,-0.004,0.153,0.004,0.322,0.037,-5.208,-0.0397564141027885,0.033137465596133,0.0646251253569053,2.74535658178568,226.0,unibet,0.004424778761061947,-0.0009735342514707469,-0.22001874083238881,False,False
"Fleetwood, Tommy",12294,0.5915,0.6383479014870045,0.8403361344537815,0.7749,0.8076180672268908,1.2904890953671442,1.2382090502676455,0.2250999999999999,0.1923819327731092,4.44247001332741,5.1979933124976805,0.0289325356349991,34.563164895589736,0.0334412678174995,29.903172495054385,0.1308887611636745,7.640075367124256,0.1490979487035302,6.707000389310672,0.2389302165790744,4.185322452378258,0.2693791039004077,3.712240428157748,0.4256659997011998,2.34925974990241,0.4635660813524314,2.157189751852743,0.4266356313671324,2.34392049439366,0.4646220462452043,2.152287021421816,0.733,0.541,0.308,0.223,1.805,0.069,1.695,-0.0204233097708518,0.276261538191544,0.0474666635622163,2.74745891562632,23.0,betmgm,0.043478260869565216,-0.010036993052065714,-0.23085084019751145,False,False
"Homa, Max",17538,0.08455,0.122713796569905,0.5464480874316939,0.57955,0.562999043715847,1.725476662928134,1.7762019512500506,0.42045,0.437000956284153,2.378404090855036,2.288324511925703,0.0048871729591748,204.6172722663033,0.003360253146254,297.59662634786054,0.0327886511844995,30.498357324095696,0.024751752840927,40.40117911756538,0.0754294364344199,13.257423723023877,0.060433449277816,16.5471276577801,0.1775592092071903,5.631924159073719,0.1504064343247996,6.648651731484573,0.1775663770515695,5.631696814479557,0.1504125060454368,6.648383344520024,0.146,0.013,-0.045,0.055,0.169,-0.003,1.644,0.0102488001015629,0.105741546719422,0.101264022708396,2.84490342851577,226.0,unibet,0.004424778761061947,-0.001064525614807947,-0.24058278894659602,False,False
"MacIntyre, Robert",23323,0.3971,0.4385201724754229,0.8264462809917356,0.6956,0.7610231404958678,1.437607820586544,1.3140204900319057,0.3044,0.2389768595041321,3.28515111695138,4.184505571271468,0.0150598041723743,66.40192585202387,0.0239632354195205,41.73059198781636,0.0758622104737533,13.181793593346166,0.1153316905543371,8.670643733682738,0.1539183343547593,6.4969518036437774,0.2176837787694912,4.593819556297375,0.3091573144716918,3.234599193322872,0.3956199633602769,2.5276783090173227,0.3093064589882291,3.233039501571016,0.395810819424183,2.52645948752684,0.323,0.539,0.218,0.629,1.708,0.024,3.852,0.0670506003682966,0.0630357883016254,0.092773420782599,2.75937874018563,31.0,betmgm,0.03225806451612903,-0.00829482909660853,-0.25713970199486447,False,False
"Thomas, Justin",14139,0.25255,0.2756449709616435,0.684931506849315,0.637,0.6609657534246576,1.5698587127158556,1.5129376897648728,0.363,0.3390342465753424,2.7548209366391188,2.9495545364552824,0.0090189734212642,110.87736411799114,0.0091344867106321,109.4752263239976,0.0537369738063268,18.60916105183173,0.0552076337285602,18.11343708221052,0.1118592566789498,8.939805517125205,0.1158066653765119,8.635081553801665,0.2366622810200774,4.225430413709079,0.2456877265628747,4.070207388825697,0.2366523383346287,4.22560794048014,0.2456774046992753,4.070378394073575,0.338,-0.021,0.401,0.318,1.036,-0.053,5.758,0.1508478463237647,0.182344959796203,-0.1721317113627,2.86631889124631,81.0,unibet,0.012345679012345678,-0.0032111923017135776,-0.26010657643879986,False,False
"Hatton, Tyrrell",14796,0.3005,0.3042232964439247,0.6451612903225806,0.654,0.6495806451612903,1.529051987767584,1.539454735064806,0.346,0.3504193548387097,2.8901734104046244,2.853723649084047,0.0088125052694513,113.47510945230408,0.0071145859680589,140.55631690860324,0.0574719917447245,17.39977978215435,0.0472179204755368,21.178399851770045,0.1218428306903411,8.207294547690392,0.1043621446621498,9.582018491832324,0.2521007222226997,3.966668525116815,0.2283385943364578,4.379461137115069,0.2523180434953196,3.9632520375759386,0.2285354316698535,4.375689111719963,0.463,0.203,-0.003,-0.046,0.617,-0.023,5.388,0.0403545702525977,0.004621601697615,-0.0252042893061851,2.8278270804799,101.0,unibet,0.009900990099009901,-0.002786404130951001,-0.2814268172260511,False,False
"Johnson, Zach",6986,-0.1654,-0.1473216372181681,0.4424778761061947,0.47535,0.4589139380530973,2.103713053539497,2.179057808186026,0.5246500000000001,0.5410860619469027,1.9060325931573427,1.848134835338137,0.0010423795824541,959.3434261688182,0.0007128564578937,1402.8069591382916,0.0102263530496028,97.78657114119832,0.0076396084031082,130.8967616184537,0.0264291203823753,37.8370519159186,0.0214564559343334,46.60601932865599,0.0824021232802957,12.135609620136128,0.0705300696691559,14.1783498115176,0.0826137740980033,12.104519021413015,0.0707112269782664,14.142025852660655,-0.163,-0.403,0.044,0.206,-0.317,0.074,-17.748,-0.1112493933017651,0.214105130540766,0.04106235930535,2.69161301649953,1001.0,unibet,0.000999000999000999,-0.00028614454110729905,-0.28643068564840635,False,False
"Young, Cameron",26651,0.55105,0.5827164453738505,0.819672131147541,0.74235,0.7810110655737705,1.34707348285849,1.2803915899262568,0.25765,0.2189889344262294,3.8812342324859297,4.566440777567548,0.0277284558683262,36.06403489428646,0.0339475612674964,29.45719700217355,0.121888107621646,8.204245840817457,0.14327486068913,6.97959150118977,0.2234465371309147,4.475343466227501,0.2559366097150484,3.9072174985570367,0.3901081530291964,2.563391695956578,0.4342712258236227,2.30270840096172,0.3900274731065419,2.5639219515360523,0.4341814123484659,2.303184732370391,0.589,0.68,0.131,0.44,1.84,0.005,11.062,0.0812689158002234,0.0468435392319655,0.0419306566450544,2.86732292385198,21.0,betmgm,0.047619047619047616,-0.013671486351551215,-0.28710121338257555,False,False
"Matsuyama, Hideki",13562,0.46225,0.5614521312442644,0.7874015748031495,0.74335,0.7653757874015747,1.3452613170108294,1.306547733101104,0.25665,0.2346242125984252,3.896356906292616,4.262134708626879,0.0247110452864604,40.46773369590783,0.0239638559765635,41.72951135151164,0.1143231243791912,8.747136726977143,0.1154325972425056,8.663064194069532,0.2112111014160478,4.734599617612807,0.2166323012491494,4.616116775909134,0.3848057962120579,2.5987134545367456,0.3945339760096069,2.5346359523055373,0.3833967661399351,2.608264044759867,0.3930893245980534,2.54395104986006,0.672,0.119,0.377,0.252,1.421,0.013,-0.074,0.0536817079063164,0.430149612762724,0.119716738742962,2.79275177435467,29.0,betmgm,0.034482758620689655,-0.010518902644126155,-0.30504817667965856,False,False
"Schauffele, Xander",19895,0.6746500000000001,0.729958518423238,0.8333333333333334,0.787,0.8101666666666667,1.2706480304955527,1.2343139271754782,0.2129999999999999,0.1898333333333333,4.694835680751175,5.267778753292363,0.0459729578607907,21.75191779106468,0.0454698122637287,21.99261334530956,0.1717848980870326,5.82123347940261,0.1764458452075373,5.667461304196708,0.2896168223405589,3.4528381049085093,0.3000249909562344,3.333055679171316,0.4740644466104221,2.1094178379122,0.4885042353209731,2.047065158693961,0.4733798039521957,2.1124686597339184,0.4877987387569166,2.050025800698774,0.87,0.611,0.151,0.283,1.915,-0.003,11.232,0.0791186727930232,0.26416706941859,-0.000701382740776,2.84909154673809,15.0,betmgm,0.06666666666666667,-0.02119685440293797,-0.31795281604406955,False,False
"McIlroy, Rory",10091,0.6602500000000001,0.6907494739089012,0.8333333333333334,0.77775,0.8055416666666667,1.2857602057216329,1.2414007138054104,0.2222499999999999,0.1944583333333333,4.499437570303713,5.142489822155562,0.0409064422190108,24.44602722099505,0.0448032211095054,22.319823781327205,0.1644761430684617,6.079909106232863,0.1781534485183579,5.613138607849932,0.2815892871714996,3.551271463643992,0.3035314969407283,3.2945510106164484,0.4571835579000916,2.187305257855599,0.4874120318452988,2.051652266797946,0.4568885498591269,2.1887175774230525,0.4870975181971751,2.0529769966826312,0.687,0.934,0.189,0.3,2.109,-0.011,19.378,0.1109277028902987,0.282596867787858,-0.170377984186687,2.85789975910193,15.0,williamhill,0.06666666666666667,-0.021863445557161264,-0.327951683357419,False,False
"Aberg, Ludvig",23950,0.50895,0.5823464843615865,0.819672131147541,0.74125,0.7804610655737705,1.349072512647555,1.2812938967875758,0.25875,0.2195389344262295,3.864734299516908,4.555000700051337,0.0280147182304104,35.69552232420751,0.0342906924485385,29.16243238601087,0.120049203361749,8.329917833662424,0.1449919495644725,6.896934643639214,0.2222537750754664,4.499361145431385,0.2580446947767902,3.875297652854302,0.3921360811897381,2.5501351392251563,0.4370661710061245,2.28798307061378,0.392082216489349,2.5504854796880725,0.4370061346068215,2.28829739632765,0.554,0.605,0.192,0.338,1.69,0.013,12.023,0.0718762315741864,0.101735279725997,0.218804730439248,2.88387103788204,19.0,unibet,0.05263157894736842,-0.018340886498829916,-0.3484768434777684,False,False
"Rahm, Jon",19195,0.72795,0.7914843128538116,0.8620689655172414,0.80925,0.8356594827586208,1.2357120790855731,1.196659668958545,0.1907499999999999,0.1643405172413792,5.242463958060289,6.08492669237024,0.0481345254859079,20.77510871677264,0.0533505960762872,18.743933030665225,0.1844578602662693,5.421292421783903,0.2047306497098541,4.884466499848497,0.315266600698797,3.1719186167626794,0.3432843429179409,2.9130370220206663,0.5057825587586592,1.977134210507965,0.5397351744425996,1.852760478382254,0.5053667549251136,1.9787609498535024,0.539291458164238,1.8542848859576335,0.847,0.808,0.295,0.306,2.257,0.015,12.869,0.0774203813515922,0.322327796911052,-0.0014946647658229,2.77485715675276,12.0,williamhill,0.08333333333333333,-0.02998273725704613,-0.3597928470845536,False,False
"Spieth, Jordan",14636,0.329,0.432959096851897,0.7194244604316548,0.702,0.7107122302158273,1.4245014245014247,1.4070392452601,0.298,0.2892877697841727,3.355704697986577,3.4567655616622317,0.0158194263773712,63.21341723429632,0.0132597131886856,75.41641254000054,0.081205103540228,12.31449695159384,0.0734910735955108,13.60709472695858,0.159392309909189,6.273828395922818,0.1497321509262155,6.678592365194677,0.3125146521288955,3.1998499692345743,0.3027951473172687,3.302562834510026,0.3121823681103332,3.2032558598779493,0.3024731976497368,3.306078051775012,0.445,0.227,0.146,0.129,0.947,-0.003,6.189,0.0503310341246847,0.498029269774307,0.0959424978040696,2.79147075577074,46.0,betway,0.021739130434782608,-0.008479417246097009,-0.3900531933204624,False,False
"Schwartzel, Charl",7398,-0.0852,-0.0546624617853093,0.4484304932735426,0.51555,0.4819902466367712,1.9396760740956265,2.074730779259112,0.48445,0.5180097533632287,2.0641965115078955,1.9304655819845145,0.0014304033097231,699.1035277970336,0.0009902016548615,1009.8953027298262,0.0151752312565055,65.89685409711973,0.0110554430092051,90.45318212642997,0.0399555746915916,25.027796689668037,0.0303311077522412,32.9694519622716,0.1133622260385833,8.821280553009304,0.0895924356781143,11.161656588875177,0.1140559694420679,8.767625271099261,0.0901407149720711,11.093766011394916,0.015,-0.449,0.057,0.131,-0.246,-0.019,-3.583,0.0310288859352857,0.316951473460066,-0.116054799956882,2.77730557699732,551.0,unibet,0.0018148820326678765,-0.0008246803778063766,-0.4543988881713136,False,False
"Scheffler, Scottie",18417,0.76515,0.7998821668081932,0.9009009009009008,0.8123,0.8566004504504504,1.2310722639418934,1.1674054099249442,0.1876999999999999,0.1433995495495496,5.327650506126799,6.973522602694542,0.0524232961621939,19.075488822871257,0.0773366480810969,12.930480242062954,0.1978891248018854,5.05333479543729,0.2574996913691967,3.883499800262769,0.3276655387436711,3.0518924993887997,0.4038321079961741,2.4762766015858104,0.5157393006888742,1.9389641213386253,0.5960754244083362,1.6776400419336177,0.5140967321689405,1.945159222819926,0.5941769948600518,1.68300019800587,0.896,0.705,0.394,0.567,2.562,0.04,8.652,0.0741571192866763,0.304527899247912,-0.128892209681644,2.79677262524756,7.0,unibet,0.14285714285714285,-0.06552049477604595,-0.45864346343232176,False,False
"Riley, Davis",19872,-0.3898,-0.3679471508243588,0.3508771929824561,0.3985,0.3746885964912281,2.509410288582183,2.6688829320254244,0.6014999999999999,0.6253114035087719,1.662510390689942,1.5992032040176474,0.0009999917988344,1000.008201232808,0.0006583292327505,1518.9968031982417,0.0075179414978934,133.0151345657857,0.0053928199552959,185.4317422590696,0.0208431384232921,47.97741970002478,0.015802850176052,63.27972415478706,0.0602361993024924,16.601313024054328,0.0483314019045484,20.690481976395763,0.0604177141182809,16.551437183510135,0.048477042991056,20.62832091851185,-0.441,-0.701,0.083,0.197,-0.863,-0.075,1.046,0.1177981397929494,0.0212129467227261,-0.0244436039567884,3.00221729589162,801.0,unibet,0.0012484394506866417,-0.0005901102179361417,-0.47267828456684946,False,False
"Koepka, Brooks",16243,0.26085,0.36135380912846,0.6369426751592356,0.6728,0.6548713375796178,1.4863258026159336,1.527017511097624,0.3272,0.3451286624203822,3.0562347188264054,2.897470157902896,0.013658392535529,73.215057877326,0.0102458629344311,97.60036869510547,0.0711362147079229,14.05753741755706,0.0557464439941731,17.9383639269354,0.1395694155505928,7.16489351234338,0.1153568073423959,8.668755863118271,0.2837285686668008,3.524495276238323,0.2453352097274509,4.076055781438488,0.2842262170644887,3.518324278203752,0.2457655177312976,4.068919062491624,0.414,0.213,-0.017,-0.184,0.426,-0.027,6.358,0.0335830143257052,0.344777095547293,0.210353209656125,2.8846668725799,51.0,unibet,0.0196078431372549,-0.009361980202823802,-0.4774609903440139,False,False
"Watson, Bubba",7334,-0.151,-0.1334189638003627,0.4081632653061224,0.47875,0.4434566326530612,2.0887728459530024,2.255011936606552,0.52125,0.5565433673469388,1.9184652278177456,1.7968051703985517,0.001562056805197,640.1815840966308,0.0009226950692651,1083.781666673871,0.0138892795041935,71.99797510720936,0.0097444611806681,102.62240071148096,0.0352496786659415,28.36905293455076,0.0255668565287379,39.11313848364456,0.1001944251148117,9.980595216291828,0.0758422973337406,13.185254602712575,0.0999794551748542,10.002054904691157,0.0756795755646862,13.213604761105747,-0.319,0.165,-0.153,-0.015,-0.322,0.0,5.885,-0.0076030513165636,0.31152088896968,-0.13813243441251,2.86709512916362,551.0,unibet,0.0018148820326678765,-0.0008921869634027765,-0.4915950168349299,False,False
"Day, Jason",9771,0.0926,0.1472620398005219,0.6756756756756757,0.595,0.6353378378378378,1.680672268907563,1.5739657556099118,0.405,0.3646621621621622,2.469135802469136,2.7422642208634427,0.0047895188465903,208.7892400114245,0.0059197594232951,168.92578371763585,0.0318790075830005,31.36860510467238,0.0401318582888547,24.91785934262893,0.0763476044923971,13.097987902155888,0.0932149331985795,10.727894830645422,0.1832532067371933,5.456930428694313,0.2132435646249331,4.689473287312871,0.1827804287457352,5.471045269245396,0.2126934140110924,4.701603031055054,-0.006,0.1,0.339,0.37,0.802,0.013,-0.935,0.0507836588668825,0.271371786884738,0.0189976999721734,2.78498140330273,81.0,unibet,0.012345679012345678,-0.006425919589050579,-0.5204994867130969,False,False
"DeChambeau, Bryson",19841,0.49695,0.5508124231917005,0.8064516129032259,0.73095,0.768700806451613,1.3680826321909842,1.3008962545728076,0.26905,0.231299193548387,3.716781267422412,4.323404611399146,0.0280720027144551,35.62268108092867,0.0361943346905609,27.628633280577716,0.1176005779080609,8.503359573469023,0.1458853617053535,6.85469733433374,0.2151048706188814,4.648895197597736,0.2540877446528752,3.935648298843225,0.3785185062565792,2.6418787548584186,0.4278449989796606,2.337295054014501,0.3782861054907643,2.6435017979385305,0.4275823129979465,2.338730975536873,0.364,1.065,0.085,0.22,1.733,-0.011,21.258,0.0979808669407419,0.169038237316829,0.0445525710301387,2.92974634198194,13.0,bet365,0.07692307692307693,-0.040728742232516026,-0.5294736490227083,False,False
"Rose, Justin",6093,0.33585,0.4412938589803382,0.6756756756756757,0.70185,0.6887628378378379,1.4248058702001851,1.4518785640921,0.29815,0.3112371621621621,3.354016434680529,3.212983928567552,0.0183381258741325,54.531199472819935,0.0131107296037329,76.2734058457951,0.0870635278830592,11.48586583055957,0.0692647070632227,14.437367057471718,0.1663163943936002,6.012636358827169,0.1397900243973771,7.153586275636726,0.3198010904335784,3.126943684414036,0.2822461914224352,3.5430061782598488,0.3196658599388827,3.1282664973706957,0.2821268413225332,3.5445050010565264,0.531,0.106,0.06,0.113,0.812,0.001,2.368,0.0257955631754301,0.620886515751052,0.0357588449129718,2.86915360144772,31.0,betmgm,0.03225806451612903,-0.019147334912396133,-0.5935673822842801,False,False
"Johnson, Dustin",12422,-0.1359999999999999,-0.0898660857929885,0.4716981132075471,0.4954,0.4835490566037735,2.0185708518369,2.068042500224363,0.5045999999999999,0.5164509433962264,1.9817677368212447,1.9362923289943332,0.0020078970586421,498.0335001218991,0.0015456151959877,646.9915685326584,0.0174328118935612,57.363092431998815,0.0136109297563044,73.47036667622305,0.0426167572537618,23.46494816687932,0.0351671851444374,28.435599718681924,0.1140143081361331,8.770828998111355,0.0990098110638485,10.10000917338514,0.1132599547896443,8.829245975395997,0.0983547320344511,10.16727898409327,-0.237,-0.091,-0.018,0.189,-0.158,-0.028,3.943,0.0560222006852913,0.240183538114386,-0.0054902832360239,2.89283147662295,251.0,unibet,0.00398406374501992,-0.00243844854903222,-0.6120505858070873,False,False
"Im, Sungjae",17488,-0.00555,0.041806342686289,0.6024096385542169,0.5437,0.5730548192771084,1.8392495861688432,1.745033749583452,0.4563,0.4269451807228915,2.1915406530791146,2.3422210746279606,0.0027398730956259,364.9804078869393,0.0027449365478129,364.3071461148178,0.0203952171485981,49.03110335693249,0.0219763056642461,45.50355347609335,0.0525515343303033,19.02894012027657,0.0565836417442762,17.672952273368928,0.1375070346748121,7.272355209788952,0.148452095333484,6.736179760572536,0.1374925127541989,7.273123313905399,0.1484364175207206,6.736891233988501,-0.163,0.106,0.415,0.161,0.519,0.041,-2.787,-0.0026220684264898,0.181776177351351,0.103071648844422,2.79988299156827,131.0,unibet,0.007633587786259542,-0.004888651238446642,-0.6404133122365101,False,False
"Reed, Patrick",14838,0.29885,0.3748997864181314,0.6756756756756757,0.68165,0.6786628378378379,1.4670285337049809,1.4734857196335005,0.31835,0.3213371621621621,3.141196795979268,3.1119961142102577,0.0088125052694513,113.47510945230408,0.0069895859680589,143.0699907791107,0.0559968115930207,17.858159626442678,0.0480593978600024,20.80758487472131,0.1287698849540497,7.765790894018737,0.112312434660767,8.90373361614357,0.2749236516339954,3.637373481897786,0.2505074496838717,3.991897252005685,0.2753622466064911,3.631579900018243,0.2509070926660272,3.985538987257972,0.502,-0.037,0.158,0.162,0.785,0.008,-4.139,0.0159433014572229,0.428058121732719,0.0432620393338948,2.70208905958072,41.0,unibet,0.024390243902439025,-0.017400657934380125,-0.7134269753095851,False,False
"Smith, Cameron",15856,-0.16785,-0.0706192318400569,0.5586592178770949,0.5085,0.5335796089385474,1.9665683382497543,1.874134586944402,0.4915,0.4664203910614526,2.034587995930824,2.143988597334387,0.0021889165861189,456.8470111385418,0.0021611249597261,462.72197056422846,0.0157494100248776,63.4944419137229,0.016872347208206,59.26857642626274,0.0404476491733684,24.72331570405383,0.044408412429397,22.51825600813483,0.1123592363130246,8.90002489171494,0.1218365960166152,8.207714534831771,0.1122011057784338,8.91256813435265,0.1216651273711079,8.219282070447013,-0.28,-0.459,0.493,0.516,0.271,-0.051,-3.067,0.1512516742760724,0.387378015996121,0.0443686545265523,2.79088568685306,111.0,unibet,0.009009009009009009,-0.006847884049282909,-0.7601151294704029,False,False
"Willett, Danny",12920,-0.529,-0.4700520040652882,0.3021148036253776,0.3502,0.3261574018126888,2.855511136493432,3.066004310931741,0.6497999999999999,0.6738425981873112,1.5389350569405973,1.4840260955452764,0.00034956323956,2860.7127032541125,0.00019978161978,5005.465473256053,0.0032354644249958,309.07463926180424,0.002386710387101,418.98673814991287,0.0112749072733617,88.6925254243654,0.0084095667319189,118.9121903515493,0.0410346956850639,24.369621446077545,0.0316409905192996,31.60457316878377,0.0411313191230183,24.31237366856949,0.0317154948194587,31.530329439680013,-0.761,-0.503,0.084,0.069,-1.111,-0.018,-8.905,0.0079337661951632,0.34566731855135,0.027555724564883,2.86549753022118,751.0,betmgm,0.0013315579227696406,-0.0011317763029896405,-0.8499640035452201,False,False
"Campbell, Brian",18628,-0.4523,-0.5035684805479061,0.2710027100271003,0.3427,0.3068513550135501,2.918004085205719,3.258906906100647,0.6573,0.6931486449864499,1.5213753232922562,1.4426919928835014,0.0001630770175689,6132.071918576439,0.0001065385087844,9386.277425966136,0.0023922176650607,418.02216186486174,0.0016306227214192,613.2626430776379,0.0080978440795338,123.4896585039668,0.0057249339445288,174.67450449025318,0.0337023846097043,29.671490951772515,0.0243264904095252,41.1074504856829,0.0332506891795643,30.074564608260584,0.0240004551845233,41.66587643074571,-0.487,-0.755,-0.043,0.086,-1.2,0.049,-22.249,-0.1146944440701686,0.0077075667030802,-0.147428633696672,2.7941079829341,1001.0,bet365,0.000999000999000999,-0.000892462490216599,-0.8933549527068156,False,False
