player_name,dg_id,skill_pred,custom_pred,p_make_cut,p_make_cut_model,win_prob_model,win_fair_odds_dec,win_prob_anchored,win_fair_odds_dec_anchored,top5_prob_model,top5_fair_odds_dec,top5_prob_anchored,top5_fair_odds_dec_anchored,top10_prob_model,top10_fair_odds_dec,top10_prob_anchored,top10_fair_odds_dec_anchored,top20_prob_model,top20_fair_odds_dec,top20_prob_anchored,top20_fair_odds_dec_anchored,top20_prob_dh,top20_fair_odds_dec_dh,top20_prob_anchored_dh,top20_fair_odds_dec_anchored_dh,sg_app,sg_ott,sg_arg,sg_putt,sg_total,driving_acc,driving_dist,total_fit_adjustment,total_course_history_adjustment,timing_adjustment,std_deviation,market_odds_best_dec,market_book_best,market_prob_best,edge_prob,value_flag,bet_flag
"Gerard, Ryan",29767,0.5143999999999999,0.4839966732057801,0.7092198581560284,0.7164,0.0169,59.1715976331361,0.0134999999999999,74.07407407407409,0.09015,11.092623405435386,0.0754154464285714,13.259883052567144,0.17515,5.709391949757351,0.1536065764790765,6.510137931081453,0.33535,2.981959147159684,0.3074900479728605,3.252137773539459,0.3337006516522693,2.9966977740338483,0.3059777229316568,3.268211784893112,0.72,0.49,0.005,-0.046,1.17,0.044,1.297,-0.0495699218216232,-0.0502557187049099,-0.0647549231207927,2.79255301603932,26.0,unibet,0.038461538461538464,0.036953907967032934,True,True
"Kitayama, Kurt",21891,0.4702,0.4666828682671983,0.6993006993006994,0.7114,0.0183,54.6448087431694,0.0140583333333333,71.13218731476009,0.0909,11.001100110011002,0.0747697288359788,13.37439650468285,0.17655,5.664117813650524,0.152966279761905,6.537388511745983,0.3287,3.04228780042592,0.2989749927849929,3.3447613483818937,0.3289557160894661,3.039922856145263,0.2992075839501987,3.342161274115445,0.697,0.387,0.019,-0.118,0.985,-0.017,9.8,0.0408573263787921,-0.0415737135839723,-0.0272626998548218,2.84982645042504,21.0,bet365,0.047619047619047616,0.027150681216931177,True,True
"Stevens, Sam",25569,0.3497499999999999,0.3532786221942768,0.7042253521126761,0.6715,0.011,90.90909090909092,0.0101416666666666,98.60312243221053,0.05875,17.02127659574468,0.0578033964646464,17.300021472122612,0.1256,7.961783439490446,0.125740018037518,7.9529175803173695,0.2666,3.750937734433609,0.2701620289779665,3.701482416988942,0.2658215584415585,3.7619221174638175,0.2693731867016374,3.712321973261644,0.346,0.579,0.11,0.037,1.072,0.029,5.758,-0.0047462781527009,-0.0502557187049099,0.0600811781527675,2.7638035166598,31.0,bet365,0.03225806451612903,0.025545331948517366,True,True
"Kim, Si Woo",14609,0.62845,0.6589555505557956,0.8,0.77505,0.03015,33.16749585406302,0.026625,37.55868544600939,0.13425,7.448789571694599,0.1276061345598845,7.836613838739142,0.2428,4.118616144975289,0.2376816245559995,4.207308839579194,0.4306,2.3223409196470044,0.42681457995708,2.342937769606088,0.4316285876623377,2.316806691178431,0.4278341252683891,2.3373544580453456,0.823,0.674,0.203,-0.13,1.57,0.107,-2.498,-0.1216528462459327,0.230389272968657,0.101388644298418,2.74694922222459,9.5,bet365,0.10526315789473684,0.022342976665147674,True,True
"Spaun, J.J.",17536,0.5223,0.5226039457365746,0.7462686567164178,0.7328,0.0206,48.543689320388346,0.017525,57.06134094151213,0.0982,10.183299389002038,0.0900346858465608,11.10683055755004,0.1918,5.213764337851929,0.179642916967292,5.566598543832776,0.36105,2.769699487605595,0.3487626124107374,2.867279818463743,0.3627906113331113,2.756410912414181,0.3504439866130021,2.8535230684506145,0.754,0.422,0.073,-0.052,1.197,0.036,2.233,-0.0287570199856768,0.0027925359890125,0.0281823466767905,2.78325485341249,14.0,unibet,0.07142857142857142,0.018606114417989372,True,True
"McNealy, Maverick",18634,0.36315,0.3929482274327135,0.7518796992481203,0.6773,0.0139,71.94244604316548,0.0165583333333333,60.392551585304425,0.07235,13.8217000691085,0.0849737962962963,11.768333810967867,0.14845,6.736274840013473,0.169336653138528,5.90539603485571,0.2935,3.4071550255536627,0.3268727944046695,3.05929406520751,0.2930267316017316,3.412657932379882,0.3263457124154176,3.0642351406996964,0.405,0.336,0.183,0.381,1.304,0.003,5.919,0.0704693771042525,-0.0212392723800668,0.094451214344365,2.84406084691482,15.0,betway,0.06666666666666667,0.01830712962962963,True,True
"Hojgaard, Nicolai",23602,0.44615,0.4788020684781777,0.7352941176470588,0.7065,0.02005,49.87531172069826,0.0179083333333333,55.83992554676589,0.0941,10.626992561105206,0.0888640773809524,11.253141083242095,0.18175,5.502063273727648,0.1746124672318419,5.726967929914468,0.3394,2.946375957572186,0.3336914653633405,2.9967802709941904,0.3372587229437229,2.965082685694881,0.3315862034933994,3.015807019304728,0.593,0.384,0.0,0.24,1.217,-0.04,15.293,0.1138863506609404,0.0020384823849463,0.0478451299412381,2.8738107373505,14.0,draftkings,0.07142857142857142,0.01743550595238097,True,True
"Keefer, Johnny",32457,0.22685,0.2212535417910511,0.5747126436781609,0.61505,0.0075,133.33333333333334,0.0051916666666666,192.6163723916539,0.04415,22.650056625141563,0.0329699834656084,30.330618789758176,0.098,10.20408163265306,0.0769413579244829,12.996911244814385,0.21545,4.641448131817127,0.1798764796777295,5.559370529107647,0.2163294101731602,4.622579977449914,0.180610688107253,5.536770888144585,0.246,0.549,-0.231,-0.226,0.338,-0.009,11.334,-0.0037528461926285,-0.0502557187049099,0.0134623441765664,2.87806115731978,56.0,unibet,0.017857142857142856,0.015112840608465544,True,True
"Penge, Marco",22465,0.2845,0.3054768664833084,0.6578947368421053,0.64495,0.01285,77.82101167315174,0.00985,101.5228426395939,0.0626,15.974440894568689,0.0547042893217893,18.280102207665266,0.12485,8.009611533840609,0.115129515993266,8.685869921128571,0.25435,3.931590328287792,0.2418040743746995,4.135579611658653,0.2546708459595959,3.9266371312822055,0.2421090944662149,4.130369419640058,0.187,0.807,-0.156,-0.045,0.793,-0.044,20.677,0.0864907700483194,-0.0502557187049099,0.0560853513969047,2.92176333588619,23.0,draftkings,0.043478260869565216,0.011226028452224084,True,True
"Jarvis, Casey",26947,0.23015,0.2445214843612584,0.6172839506172839,0.6343,0.00825,121.2121212121212,0.005875,170.2127659574468,0.0487,20.53388090349076,0.0385371759259259,25.94896942947104,0.1044,9.57854406130268,0.0864812442881193,11.563200879353891,0.22735,4.398504508467121,0.2009699102980355,4.975869265787173,0.2269009456638133,4.407209485506708,0.2005729610582625,4.985716891867192,0.303,0.252,-0.143,0.148,0.559,0.034,-3.613,-0.0443400833396954,-0.0502557187049099,0.15388929417467,2.815213864577,36.0,unibet,0.027777777777777776,0.010759398148148122,True,True
"Reitan, Kristoffer",21407,0.14535,0.139973397941786,0.625,0.5891,0.0067,149.2537313432836,0.00615,162.60162601626016,0.04075,24.539877300613497,0.0384102182539682,26.034738813198167,0.0864,11.574074074074073,0.0849547898629148,11.770966670786011,0.19175,5.215123859191656,0.193118463041588,5.1781687998658645,0.1913595923520923,5.225763640633434,0.1927252691697569,5.188733186405238,-0.013,0.586,-0.142,0.202,0.632,0.008,9.474,0.0192033902289364,-0.0502557187049099,-0.0083946114913237,2.90859351556379,36.0,bet365,0.027777777777777776,0.01063244047619042,True,True
"Taylor, Nick",13126,0.24795,0.2659276797118799,0.6578947368421053,0.6451,0.00675,148.14814814814815,0.0057083333333333,175.18248175182586,0.04445,22.49718785151856,0.0389593786075036,25.66776051729427,0.09985,10.015022533800702,0.091116436988937,10.974968217001464,0.2293,4.361098996947231,0.2167843423937175,4.612879274204355,0.2295890499206675,4.355608424467722,0.2170576153853043,4.607071713309275,0.439,-0.104,0.278,0.047,0.66,0.023,-5.692,-0.005289704411598,0.0030711568938904,0.0928747353005799,2.69919525205542,34.0,williamhill,0.029411764705882353,0.009547613901621246,True,False
"Bridgeman, Jacob",29433,0.3356,0.3479129745089859,0.7407407407407407,0.66895,0.0114,87.71929824561403,0.0130416666666666,76.67731629392982,0.0643,15.552099533437016,0.0718369874338624,13.920405569911482,0.13105,7.630675314765357,0.1481692613636365,6.749038166194292,0.27105,3.6893562073418185,0.2994386018726644,3.3395827850720714,0.2719395561383061,3.677287755413591,0.3004213262642587,3.32865849583652,0.342,0.274,0.107,0.683,1.406,0.006,3.228,0.0799982728267853,-0.0502557187049099,0.0192583887468263,2.8051172498593,16.0,unibet,0.0625,0.009336987433862395,True,False
"Novak, Andrew",23475,0.13105,0.152082927735859,0.5882352941176471,0.5955,0.00525,190.47619047619045,0.0041166666666666,242.914979757086,0.03685,27.1370420624152,0.0305561078042328,32.726681238553375,0.0835,11.976047904191615,0.072168698986199,13.856422715770895,0.18745,5.334755934915977,0.170920560064935,5.850671210181424,0.1885591197691197,5.303376475369872,0.1719318770674265,5.81625709587193,0.191,0.026,0.118,0.077,0.413,-0.006,-0.13,0.0293347647072695,-0.0502557187049099,0.113521663000708,2.83134433780572,46.0,unibet,0.021739130434782608,0.008816977369450193,True,False
"Griffin, Ben",24968,0.2859,0.2693285251947265,0.7092198581560284,0.6448,0.0081,123.4567901234568,0.008275,120.84592145015108,0.0493,20.28397565922921,0.051673909030784,19.3521260294874,0.10435,9.583133684714902,0.1136401782708035,8.79970460462504,0.22945,4.358247984310308,0.2491514255189255,4.013623433689888,0.2286187085137085,4.374095219508415,0.2482487562714586,4.028217562977458,0.395,0.015,0.277,0.372,1.059,0.007,0.519,0.0592869565999649,-0.0502557187049099,-0.10445254159765,2.72875176428684,23.0,betway,0.043478260869565216,0.008195648161218781,True,False
"Li, Haotong",15310,0.2056,0.2008886539417455,0.5882352941176471,0.6106,0.00625,160.0,0.0044333333333333,225.56390977443775,0.042,23.809523809523807,0.0324307572751322,30.834925978333384,0.09545,10.476689366160294,0.0769010721223221,13.0037198754441,0.21325,4.689331770222744,0.181853417762793,5.498934319201994,0.2119334956709956,4.718461311808843,0.1807307410372176,5.533093010414157,0.252,0.36,-0.185,-0.045,0.382,0.005,5.303,-0.0138521335862934,0.0209727453194344,-0.0254341556945549,2.83543923050847,41.0,betway,0.024390243902439025,0.008040513372693174,True,False
"McCarty, Matt",28635,0.14545,0.1502665111314476,0.625,0.59755,0.00495,202.020202020202,0.0043833333333333,228.1368821292793,0.0348,28.73563218390805,0.0319410945767196,31.30763091409066,0.07975,12.539184952978056,0.0756204635642135,13.223933745802077,0.1873,5.339028296849974,0.1832909121896619,5.455807863322982,0.1871706313131313,5.342718528993085,0.1831643125920915,5.45957881122295,0.148,0.147,0.01,0.263,0.568,0.034,-3.706,-0.0212528201690288,0.0197964124557824,0.0304880664844301,2.7683485944049,41.0,unibet,0.024390243902439025,0.007550850674280574,True,False
"Ortiz, Carlos",14735,0.2438,0.2286619284299503,0.5988023952095809,0.61715,0.00775,129.03225806451613,0.0059083333333333,169.25246826516317,0.0418,23.92344497607656,0.035184074074074,28.421950166847395,0.0941,10.626992561105206,0.0811484968734968,12.323087161539288,0.2122,4.71253534401508,0.1894683285464535,5.277926963686819,0.2135273040276716,4.6832418203079405,0.1906534467160855,5.245118917200406,0.378,0.112,0.212,-0.133,0.57,-0.026,5.167,0.0535085162094372,-0.0801133049113684,-0.0691138953761594,2.83972039561989,36.0,bet365,0.027777777777777776,0.007406296296296223,True,False
"Berger, Daniel",17606,0.4035,0.405937411919646,0.6329113924050632,0.69585,0.0149,67.11409395973155,0.0097833333333333,102.21465076661023,0.07585,13.183915622940011,0.0550124537037036,18.17770218696272,0.1528,6.544502617801047,0.1170486423761423,8.543456632213163,0.30375,3.2921810699588474,0.247876894101269,4.0342606503349785,0.3033647582972583,3.296361797635469,0.2475625154452891,4.039383741925979,0.622,0.372,-0.222,-0.094,0.677,0.05,1.93,-0.0829969338380792,0.0953008910912594,0.0237083251178648,2.79139668679514,21.0,bet365,0.047619047619047616,0.007393406084655982,True,False
"Potgieter, Aldrich",27900,0.0553499999999999,0.0621109365372205,0.4926108374384237,0.5621,0.00595,168.0672268907563,0.0037083333333333,269.662921348317,0.03455,28.94356005788712,0.0242820568783068,41.18267266284925,0.0765,13.0718954248366,0.0562454641654641,17.779211441089327,0.17125,5.839416058394161,0.1352328742091242,7.394651676585674,0.1722642683133859,5.805034379972426,0.1360338226426332,7.351112984798225,-0.081,0.624,-0.324,-0.237,-0.018,-0.05,22.889,0.0591123756077638,-0.0576463832185741,0.0179270944922697,2.97526204975079,56.0,unibet,0.017857142857142856,0.0064249140211639424,True,False
"Clark, Wyndham",23604,0.19405,0.1993579692413181,0.591715976331361,0.60915,0.0082,121.95121951219512,0.0059666666666666,167.59776536312896,0.04445,22.49718785151856,0.0356039054232804,28.086806436299764,0.0961,10.40582726326743,0.0803074579124579,12.452143623946942,0.20775,4.813477737665464,0.1830121766659265,5.46411729655244,0.2088294029581529,4.7885977062357865,0.183963049757966,5.4358742221096366,0.332,-0.001,0.197,-0.08,0.448,-0.039,8.332,0.0810336226569538,-0.0505921331111482,-0.0165496766170019,2.87715529557664,34.0,unibet,0.029411764705882353,0.0061921407173980494,True,False
"Neergaard-Petersen, Rasmus",23841,0.1933,0.1601554790103073,0.5586592178770949,0.5983,0.0059,169.49152542372883,0.0038916666666666,256.9593147751617,0.03635,27.51031636863824,0.0268458630952381,37.24968709154221,0.08075,12.383900928792569,0.0636030158730158,15.722524887758649,0.19065,5.245213742460006,0.158913976232101,6.292712722381669,0.189579089105339,5.274843363364579,0.1580213315509531,6.3282595468926,0.243,0.319,-0.075,-0.126,0.361,0.026,2.812,-0.0438706276999912,-0.0502557187049099,-0.0841601882197898,2.82507008955414,46.0,draftkings,0.021739130434782608,0.005106732660455492,True,False
"Noren, Alex",10419,0.17445,0.1773055309083179,0.6993006993006994,0.6066,0.00505,198.01980198019805,0.006175,161.94331983805668,0.03495,28.612303290414875,0.0432010218253968,23.147600629486124,0.08135,12.292562999385371,0.0993813273300775,10.06225240561214,0.19035,5.253480430785396,0.2258779814167315,4.427169012791288,0.1911685395976572,5.23098623918271,0.2268492977919796,4.408212896109549,0.208,-0.063,0.287,0.471,0.903,0.032,-6.173,0.0231587142485465,-0.122410225617683,0.0829266095063055,2.73141485856698,26.0,unibet,0.038461538461538464,0.004739483363858335,True,False
"Echavarria, Nico",22833,0.1018,0.0758973508473323,0.5524861878453039,0.55865,0.00455,219.78021978021977,0.0030916666666666,323.4501347708912,0.029,34.48275862068965,0.0225860648148148,44.27508767902204,0.06675,14.9812734082397,0.0560857071632071,17.82985453120953,0.15825,6.3191153238546605,0.141309820249195,7.076649013044772,0.1596228787878787,6.264766101160786,0.1425357365508637,7.015784421495944,0.156,0.026,-0.126,0.221,0.277,0.034,-5.406,-0.0444518993404588,-0.0385305064846532,-0.0561634665593895,2.81044687005966,51.0,unibet,0.0196078431372549,0.0029782216775598967,True,False
"Hall, Harry",27194,0.13725,0.1488943598136222,0.6896551724137931,0.6006,0.0043,232.5581395348837,0.0055666666666666,179.64071856287478,0.03145,31.79650238473768,0.0390724506974507,25.59348037171483,0.0764,13.089005235602096,0.091709242123617,10.904026430096074,0.18215,5.489980785067252,0.2127416258394385,4.700537546679865,0.1839486544011544,5.436299619888517,0.2148423596391906,4.65457557662006,0.15,-0.181,0.385,0.615,0.969,-0.026,0.231,0.1317298450165974,-0.0502557187049099,-0.0358162569198037,2.73033655127739,26.0,betway,0.038461538461538464,0.0006109122359122393,True,False
"Valimaki, Sami",23816,0.06785,0.065385994994489,0.5524861878453039,0.5617,0.00305,327.86885245901635,0.0025666666666666,389.6103896103921,0.02435,41.06776180698152,0.0201378373015873,49.6577653808524,0.06265,15.961691939345572,0.0531016284872535,18.83181417383536,0.15585,6.416426050689767,0.139987092028342,7.143515773565312,0.1551611147186147,6.444913738944862,0.1393683236787607,7.17523159929057,0.164,-0.179,-0.103,0.327,0.209,0.028,-5.292,-0.0218890049093309,-0.0502557187049099,0.0472607689104584,2.79459000767555,51.0,draftkings,0.0196078431372549,0.0005299941643323973,True,False
"Kim, Michael",17543,0.11345,0.144762964562864,0.6097560975609756,0.59165,0.00485,206.18556701030928,0.003925,254.77707006369428,0.0336,29.761904761904763,0.0298142757936508,33.5409790571857,0.0777,12.87001287001287,0.0715426671245421,13.97767290754189,0.1811,5.521811154058531,0.1737421757756135,5.75565486926727,0.1825099555428232,5.479153161951021,0.1750948469172865,5.71119034972167,0.213,-0.162,0.11,0.258,0.419,-0.018,-1.952,0.0570397426308005,-0.0268258995420647,0.119644504840068,2.78623409086907,34.0,unibet,0.029411764705882353,0.0004025110877684465,True,False
"McKibbin, Tom",22322,0.0761999999999999,0.0543613996152628,0.5780346820809249,0.55375,0.00325,307.6923076923077,0.0027916666666666,358.20895522388275,0.0251,39.8406374501992,0.021925376984127,45.609249990271806,0.05885,16.99235344095157,0.0550689231601731,18.15906218270159,0.1485,6.734006734006734,0.1438323767436264,6.952537548499574,0.1484739321789321,6.7351890350345,0.1438071282812648,6.953758217354515,-0.072,0.41,0.089,0.044,0.47,0.036,3.568,-0.0241807555590908,-0.0502557187049099,-0.0473204573359123,2.77620492211818,46.0,unibet,0.021739130434782608,0.00018624654934439044,True,False
"Greyserman, Max",23465,0.0041,0.0116676006272414,0.5649717514124294,0.5344,0.00345,289.8550724637681,0.0029916666666666,334.2618384401133,0.0267,37.45318352059925,0.023220248015873,43.06586214395365,0.06,16.666666666666668,0.0559421173039923,17.87561944725741,0.1448,6.906077348066297,0.1402025465275465,7.132538065587301,0.1447374717765894,6.90906085152266,0.1401420035983199,7.135619402632747,0.017,-0.223,0.161,0.344,0.299,-0.066,6.333,0.1448081150937408,-0.0092138704857263,-0.100059709093239,2.88272700587422,41.0,williamhill,0.024390243902439025,-0.0011699958865660255,False,False
"Schwartzel, Charl",7398,-0.0852,-0.0546624617853093,0.4566210045662101,0.51555,0.0018,555.5555555555555,0.0012166666666666,821.9178082191894,0.01715,58.30903790087464,0.0117688591269841,84.97000339711443,0.04305,23.2288037166086,0.0311043749999999,32.14981815259108,0.1164,8.59106529209622,0.0917076748945499,10.90421277335676,0.1170905014430014,8.540402403919932,0.0922516979344897,10.83990888395491,0.015,-0.449,0.057,0.131,-0.246,-0.019,-3.583,0.0310288859352857,0.316951473460066,-0.116054799956882,2.77730557699732,77.0,draftkings,0.012987012987012988,-0.001218153860028888,False,False
"Knapp, Jake",19396,0.28505,0.3370783932212458,0.7352941176470588,0.65835,0.0142,70.4225352112676,0.0155416666666666,64.34316353887407,0.0659,15.174506828528072,0.0771934986772487,12.954458822770404,0.1351,7.401924500370097,0.155580330063455,6.427547747148627,0.27,3.7037037037037033,0.3023836195748695,3.307057443805756,0.2714432323232323,3.6840115387706858,0.3039999522185229,3.289474201236632,0.211,0.396,0.063,0.637,1.307,-0.023,13.694,0.1314995253423968,-0.048818544510134,0.165256349146433,2.90427662062766,12.75,draftkings,0.0784313725490196,-0.001237873871770906,False,False
"Willett, Danny",12920,-0.529,-0.4700520040652882,0.2976190476190476,0.3502,0.0005,2000.0,0.000325,3076.923076923077,0.0041,243.90243902439025,0.0027447321428571,364.3342766988769,0.01305,76.62835249042145,0.0090549239417989,110.43715070690418,0.0434,23.04147465437788,0.0319343132099382,31.31427920262248,0.0434988329725829,22.98912250428174,0.0320070358620565,31.24313055135086,-0.761,-0.503,0.084,0.069,-1.111,-0.018,-8.905,0.0079337661951632,0.34566731855135,0.027555724564883,2.86549753022118,251.0,unibet,0.00398406374501992,-0.0012393316021628202,False,False
"Rai, Aaron",18554,0.278,0.2127850727053746,0.591715976331361,0.62285,0.00525,190.47619047619045,0.0036083333333333,277.13625866051063,0.0376,26.595744680851062,0.0288608697089947,34.648990487225085,0.08845,11.305822498586773,0.0713688431938432,14.011716531314988,0.2083,4.800768122899664,0.1779195165482665,5.6205188694334005,0.2082698286435786,4.801463594188404,0.1778937456738156,5.621333095282568,0.45,0.154,0.111,-0.191,0.524,0.103,-11.296,-0.1592440787151945,-0.0085530602143872,-0.160415762597142,2.71582923653911,33.0,draftkings,0.030303030303030304,-0.0014421605940356033,False,False
"Campbell, Brian",18628,-0.4523,-0.5035684805479061,0.2710027100271003,0.3427,0.00025,4000.0,0.0001333333333333,7500.0,0.0031,322.5806451612903,0.0019011111111111,526.0081823495063,0.00955,104.71204188481676,0.0063406156806156,157.71339099721365,0.03585,27.89400278940028,0.0256610098003848,38.96962776519436,0.035383115079365,28.26206787494484,0.0253268190465754,39.483837198861096,-0.487,-0.755,-0.043,0.086,-1.2,0.049,-22.249,-0.1146944440701686,0.0077075667030802,-0.147428633696672,2.7941079829341,251.0,unibet,0.00398406374501992,-0.0020829526339088203,False,False
"Garcia, Sergio",5689,0.12025,0.1031963824481759,0.5405405405405405,0.5797,0.00425,235.2941176470588,0.0030166666666666,331.4917127071841,0.0289,34.602076124567475,0.0218058035714285,45.85935100829158,0.07105,14.074595355383533,0.0555838805638805,17.990827373967456,0.1728,5.787037037037036,0.1432108494745995,6.98271118193014,0.1728207792207792,5.786341228808465,0.1432280705964699,6.981871611029344,0.164,0.217,-0.005,-0.237,0.139,0.049,-2.091,-0.088259934668794,0.0132070918739192,-0.0069134719957658,2.78571700650115,41.0,unibet,0.024390243902439025,-0.002584440331010525,False,False
"Hojgaard, Rasmus",23838,0.16255,0.1836055527859625,0.6369426751592356,0.6081,0.0081,123.4567901234568,0.00685,145.98540145985402,0.04365,22.90950744558992,0.0406632605820106,24.59222368514145,0.09385,10.655301012253595,0.0909661148111148,10.993104433188496,0.2017,4.95785820525533,0.202225828962704,4.944966748952862,0.2032004906204906,4.921247960309603,0.203730231340391,4.908451698212657,0.146,0.191,-0.074,0.419,0.682,-0.059,14.496,0.1423798843039279,-0.0084232931856463,-0.0307846504848803,2.88900293204541,23.0,bet365,0.043478260869565216,-0.002815000287554617,False,False
"Watson, Bubba",7334,-0.151,-0.1334189638003627,0.4115226337448559,0.47875,0.00195,512.8205128205128,0.0013,769.2307692307693,0.0158,63.291139240506325,0.0105627976190476,94.67188864782638,0.03825,26.1437908496732,0.0273183862433862,36.60538331549869,0.10325,9.685230024213077,0.0786017220973471,12.722367567996976,0.103034019395637,9.705532268523196,0.078437301298872,12.749036280451186,-0.319,0.165,-0.153,-0.015,-0.322,0.0,5.885,-0.0076030513165636,0.31152088896968,-0.13813243441251,2.86709512916362,71.0,unibet,0.014084507042253521,-0.0035217094232059213,False,False
"Riley, Davis",19872,-0.3898,-0.3679471508243588,0.3484320557491289,0.3985,0.0013,769.2307692307693,0.00085,1176.470588235294,0.00895,111.731843575419,0.0060842228835978,164.35952777072808,0.0233,42.91845493562232,0.0168193849206349,59.45520628243353,0.063,15.873015873015872,0.0491356721519221,20.35181277073221,0.0631837536075036,15.826853311248062,0.0492789873426369,20.29262478644291,-0.441,-0.701,0.083,0.197,-0.863,-0.075,1.046,0.1177981397929494,0.0212129467227261,-0.0244436039567884,3.00221729589162,101.0,draftkings,0.009900990099009901,-0.003816767215412101,False,False
"Bradley, Keegan",13872,0.1638,0.1500949575890603,0.6289308176100629,0.59545,0.00455,219.78021978021977,0.0044916666666666,222.6345083487949,0.0351,28.49002849002849,0.034148416005291,29.28393515661337,0.0829,12.062726176115802,0.081524764009139,12.266211526695118,0.1888,5.296610169491526,0.1894947256447255,5.277191735008243,0.1893988436563436,5.279863280551273,0.1900957728606307,5.260506243519432,0.138,0.216,0.273,0.066,0.692,0.012,4.623,0.0294581456231707,0.122986416730173,-0.190223170225499,2.81020996787313,26.0,betway,0.038461538461538464,-0.004313122456247466,False,False
"Hatton, Tyrrell",14796,0.3005,0.3042232964439247,0.6369426751592356,0.654,0.0094,106.38297872340424,0.0076666666666666,130.43478260869594,0.05885,16.99235344095157,0.0477477182539682,20.943409163157053,0.12325,8.113590263691684,0.1050381517556517,9.520350304014116,0.2529,3.954132068011072,0.2289575220034595,4.367622392353155,0.2531094461094461,3.9508600543007537,0.22914713948947,4.364008218596824,0.463,0.203,-0.003,-0.046,0.617,-0.023,5.388,0.0403545702525977,0.004621601697615,-0.0252042893061851,2.8278270804799,19.0,unibet,0.05263157894736842,-0.004883860693400216,False,False
"Johnson, Zach",6986,-0.1654,-0.1473216372181681,0.4444444444444444,0.47535,0.00135,740.7407407407406,0.0008833333333333,1132.075471698156,0.0119,84.03361344537815,0.0086563492063492,115.52214174383433,0.02915,34.30531732418525,0.0231201292457542,43.25235336578573,0.0854,11.7096018735363,0.0718455083805084,13.918754596373608,0.085612205988456,11.680577418304589,0.0720240335224523,13.884254339744336,-0.163,-0.403,0.044,0.206,-0.317,0.074,-17.748,-0.1112493933017651,0.214105130540766,0.04106235930535,2.69161301649953,71.0,unibet,0.014084507042253521,-0.005428157835904321,False,False
"Harman, Brian",8825,0.10765,0.1175943620902432,0.5988023952095809,0.5855,0.0045,222.22222222222223,0.0035416666666666,282.352941176472,0.02905,34.42340791738382,0.0257177380952381,38.88366839637271,0.0719,13.908205841446453,0.0652113471019721,15.334754524182468,0.1732,5.773672055427252,0.1632567204323455,6.1253221144694345,0.1736406854256854,5.759018962338634,0.1636721064446996,6.109776563166998,0.169,-0.004,0.153,0.004,0.322,0.037,-5.208,-0.0397564141027885,0.033137465596133,0.0646251253569053,2.74535658178568,32.0,draftkings,0.03125,-0.005532261904761901,False,False
"English, Harris",14577,0.22075,0.244021374660761,0.7246376811594204,0.6365,0.0066,151.51515151515153,0.0079,126.58227848101264,0.04445,22.49718785151856,0.053027542989418,18.858124356234203,0.1003,9.970089730807578,0.1173192454073705,8.52375069859745,0.2264,4.41696113074205,0.257757059549247,3.8796221595200975,0.2258937987012987,4.426859018481993,0.2571807478960082,3.888315934147423,0.141,0.334,0.108,0.489,1.073,0.034,1.492,0.0214820565667109,0.152373134640591,-0.0194050342433492,2.74033459129061,17.0,betway,0.058823529411764705,-0.005795986422346702,False,False
"Homa, Max",17538,0.08455,0.122713796569905,0.5494505494505494,0.57955,0.0055,181.81818181818184,0.0037166666666666,269.0582959641268,0.035,28.57142857142857,0.0263973214285714,37.8826314899374,0.0784,12.755102040816327,0.0624845475589225,16.003956803192118,0.17995,5.5570991942206165,0.152579569157694,6.553957423791649,0.1799554802958479,5.556929960432401,0.1525842158994519,6.553757832061528,0.146,0.013,-0.045,0.055,0.169,-0.003,1.644,0.0102488001015629,0.105741546719422,0.101264022708396,2.84490342851577,31.0,unibet,0.03225806451612903,-0.005860743087557633,False,False
"Fox, Ryan",11889,0.09805,0.1270341155311803,0.5847953216374269,0.578,0.0052,192.30769230769232,0.0038666666666666,258.6206896551735,0.03095,32.31017770597739,0.0257626656445406,38.81585911168744,0.07245,13.802622498274673,0.063868869047619,15.65708012231162,0.17145,5.832604257801108,0.1600117497317494,6.249541059806187,0.1722295147907648,5.806205755238076,0.1607392593591164,6.221255491577482,0.092,0.119,0.072,0.105,0.389,-0.061,8.434,0.11249205804784,0.0430774230858147,0.0001204522937006,2.79287148535516,31.0,bet365,0.03225806451612903,-0.006495398871588433,False,False
"Scott, Adam",6430,0.45155,0.5049976089923521,0.6993006993006994,0.71825,0.01905,52.49343832020997,0.014125,70.79646017699115,0.09235,10.828370330265296,0.0767771263227513,13.024712539985634,0.18365,5.445140212360468,0.1575777330771079,6.34607428646449,0.3463,2.887669650591972,0.3107038304403929,3.2184991043805145,0.3459226911976911,2.890819323062304,0.3103653052017668,3.222009622982522,0.676,0.339,0.03,-0.08,0.964,-0.021,8.59,0.047784420591227,0.19209881644295,0.0753795120383207,2.80883978609275,12.0,bet365,0.08333333333333333,-0.00655620701058203,False,False
"Lee, Min Woo",16841,0.42755,0.4811023118654947,0.8064516129032259,0.71515,0.01965,50.89058524173028,0.0253583333333333,39.43476832073609,0.0925,10.81081081081081,0.1174905886243385,8.511320027490672,0.17925,5.578800557880056,0.2187214363876864,4.572025570586906,0.3402,2.9394473838918285,0.393879716810967,2.538846143427908,0.340083455988456,2.940454710134281,0.3937447834709818,2.5397161866747577,0.36,0.637,0.308,0.395,1.7,-0.0,13.026,0.1031721232137743,0.052949849575444,0.124877048932116,2.8487411383999,8.0,betway,0.125,-0.0075094113756614955,False,False
"Conners, Corey",17576,0.40385,0.4201586180664295,0.6535947712418301,0.69385,0.0137,72.99270072992701,0.0100416666666666,99.58506224066406,0.07665,13.046314416177433,0.0589001256613756,16.97789247087736,0.15215,6.572461386789352,0.1231241081372331,8.121886242501006,0.3036,3.293807641633729,0.2606170841542715,3.8370469965355496,0.3028816005644681,3.301620164897242,0.2600003938836971,3.846148019480763,0.591,0.388,-0.039,-0.143,0.796,0.074,-1.427,-0.1072471450665829,0.254145784963417,-0.001819103323832,2.79385515522205,15.0,unibet,0.06666666666666667,-0.007766541005291068,False,False
"Henley, Russell",14578,0.4225000000000001,0.4610878194047359,0.7874015748031495,0.71715,0.0135,74.07407407407408,0.0170166666666666,58.76591576885413,0.0787,12.706480304955528,0.0919422817460315,10.876388762705064,0.1599,6.253908692933083,0.183891602910978,5.437986205841603,0.32145,3.110903717529942,0.3564019004606505,2.805821177461447,0.3221620208386385,3.1040282072878806,0.3571913407470352,2.7996199401379256,0.535,0.259,0.297,0.338,1.429,0.097,-8.504,-0.0716358122824897,0.298236811204653,0.0408973009026792,2.72271036638744,10.0,unibet,0.1,-0.008057718253968504,False,False
"Straka, Sepp",17511,0.3474,0.3748629838515909,0.6993006993006994,0.6758,0.0124,80.64516129032258,0.011075,90.29345372460496,0.0676,14.792899408284024,0.063062576058201,15.857265314964147,0.13555,7.377351530800443,0.1308865197302695,7.640206203517343,0.28135,3.554291807357384,0.2741652151552149,3.647435723871328,0.2807362516650017,3.562062234817058,0.273567140002146,3.655409783470908,0.487,0.251,0.029,0.139,0.905,0.039,-0.335,-0.0258515709106096,0.077820947044879,0.104800779884905,2.81892844157977,14.0,unibet,0.07142857142857142,-0.00836599537037043,False,False
"Burns, Sam",19483,0.2381499999999999,0.2511295929556491,0.7092198581560284,0.6392,0.0096,104.16666666666669,0.0104416666666666,95.77015163607358,0.0513,19.49317738791423,0.0581300297619047,17.202812455041016,0.11165,8.956560680698612,0.1251225444925445,7.992164833728949,0.2361,4.235493434985176,0.2618201028254155,3.8194164206971184,0.2351162914862914,4.253214414358459,0.2607292317360067,3.83539656578484,0.196,0.293,-0.015,0.586,1.06,-0.009,9.021,0.0899658791512824,-0.0150032481375877,-0.0138154782698463,2.84834928699379,15.0,bet365,0.06666666666666667,-0.008536636904761967,False,False
"Bhatia, Akshay",26096,0.4532,0.4761097027381236,0.7407407407407407,0.71145,0.01695,58.99705014749263,0.0156166666666666,64.03415154749206,0.08545,11.702750146284377,0.0821984457671957,12.165680149624997,0.1669,5.991611743559018,0.165394581228956,6.046147295573718,0.3247,3.079765937788728,0.3259277137214635,3.068164988432361,0.3239424627578304,3.0869679494520903,0.3251673121772713,3.0753398713546902,0.673,0.165,0.038,0.38,1.256,0.009,1.263,0.0399614154063771,-0.0079880245924378,0.0805781167285693,2.80121118428042,11.0,draftkings,0.09090909090909091,-0.008710645141895207,False,False
"Cantlay, Patrick",15466,0.4505,0.4712421933578641,0.7407407407407407,0.7135,0.01805,55.40166204986149,0.01605,62.30529595015576,0.08345,11.983223487118035,0.0819848842592592,12.197370393763306,0.16775,5.961251862891207,0.166961812169312,5.989393544590447,0.33,3.0303030303030303,0.3292826344488845,3.036904760172626,0.3301218252580752,3.0291847538957546,0.3294041948789495,3.0357840475209588,0.561,0.437,0.163,0.164,1.325,0.008,4.61,0.0368795346088175,0.162426586983767,-0.0549885080573225,2.76553803524856,11.0,bet365,0.09090909090909091,-0.008924206649831706,False,False
"Morikawa, Collin",22085,0.7049500000000001,0.7186008375738006,0.78125,0.78745,0.03595,27.816411682892905,0.0294916666666666,33.907883582933046,0.1519,6.583278472679394,0.1323018386243385,7.558473944110691,0.26885,3.719546215361726,0.2428071729890479,4.118494473164127,0.4588,2.1795989537925022,0.428009417087542,2.3363971914558763,0.4573687752525254,2.186419480533785,0.4266742434391378,2.3437083802848373,0.951,0.724,0.052,-0.043,1.684,0.094,1.986,-0.104191816901757,0.269194792140438,-0.0294500893345688,2.7934881275693,7.0,bet365,0.14285714285714285,-0.010555304232804347,False,False
"Lowry, Shane",13900,0.4077,0.4517910004079561,0.7042253521126761,0.7123,0.0143,69.93006993006993,0.011175,89.48545861297538,0.07875,12.698412698412698,0.065226164021164,15.331271047543574,0.159,6.289308176100628,0.137661158008658,7.264213191763987,0.3178,3.146633102580239,0.2899258992627745,3.4491571899675284,0.3169102308802309,3.155467708386882,0.2891141714081952,3.458841173814747,0.655,0.165,-0.05,0.112,0.881,0.026,-0.458,-0.0208664835379687,0.231334987747814,0.0678202447668885,2.75262095173646,13.0,unibet,0.07692307692307693,-0.011696912901912923,False,False
"Johnson, Dustin",12422,-0.1359999999999999,-0.0898660857929885,0.4739336492890995,0.4954,0.00245,408.16326530612247,0.0017833333333333,560.7476635514123,0.0195,51.282051282051285,0.014553449074074,68.71223411785114,0.04575,21.85792349726776,0.0367370241101491,27.22049551432601,0.11705,8.543357539513028,0.0997354173026048,10.026528459453118,0.1162970292207792,8.598671923954239,0.0990938294778952,10.091445706244189,-0.237,-0.091,-0.018,0.189,-0.158,-0.028,3.943,0.0560222006852913,0.240183538114386,-0.0054902832360239,2.89283147662295,37.0,draftkings,0.02702702702702703,-0.012473577952953029,False,False
"Woodland, Gary",12577,0.18215,0.2228895816057832,0.6060606060606061,0.62575,0.0084,119.04761904761904,0.0060916666666666,164.15868673050662,0.0473,21.14164904862579,0.03799353505291,26.320267345678506,0.10335,9.675858732462506,0.0864539781746031,11.566847716138543,0.22215,4.501462975467027,0.19667185483498,5.0846116280291485,0.2222927958152958,4.498571338456262,0.1967982735514189,5.08134538964196,0.154,0.449,-0.266,0.118,0.455,-0.012,12.247,0.0302094252171989,0.0613683023364629,0.12746225605937,2.85323062783451,19.0,bet365,0.05263157894736842,-0.01463804389445842,False,False
"MacIntyre, Robert",23323,0.3971,0.4385201724754229,0.8264462809917356,0.6956,0.0153,65.35947712418302,0.0239166666666666,41.811846689895496,0.0761,13.140604467805518,0.1147888362794615,8.711648557577757,0.15365,6.508298080052066,0.2167077627465125,4.614509361945286,0.3083,3.243593902043464,0.3935008567127315,2.5412905281932656,0.3084417027417027,3.2421037463842124,0.3936817199960872,2.540123021231311,0.323,0.539,0.218,0.629,1.708,0.024,3.852,0.0670506003682966,0.0630357883016254,0.092773420782599,2.75937874018563,7.5,draftkings,0.13333333333333333,-0.01854449705387183,False,False
"Fleetwood, Tommy",12294,0.5915,0.6383479014870045,0.8333333333333334,0.7749,0.0277,36.101083032490976,0.03315,30.16591251885369,0.1261,7.930214115781126,0.147965667989418,6.758324505867918,0.23265,4.298302170642597,0.266875347222222,3.747067724345925,0.42055,2.3778385447628105,0.462336558187183,2.1629265137954694,0.4214763618326118,2.3726122994227308,0.4633549648958401,2.158172623066195,0.733,0.541,0.308,0.223,1.805,0.069,1.695,-0.0204233097708518,0.276261538191544,0.0474666635622163,2.74745891562632,6.0,unibet,0.16666666666666666,-0.01870099867724867,False,False
"Gotterup, Chris",27774,0.3761,0.3921434631917751,0.7194244604316548,0.6702,0.01535,65.14657980456026,0.0154583333333333,64.69002695417782,0.07755,12.89490651192779,0.0785934556878306,12.723705698499256,0.1529,6.540222367560497,0.1562777137445885,6.39886504632608,0.29485,3.391555027980329,0.304633900983276,3.282628744772889,0.2953589953102453,3.385710324988068,0.3051597861009366,3.276971755607515,0.386,0.546,0.102,0.171,1.205,-0.042,16.402,0.1207140618482037,-0.0502557187049099,-0.0028049568606456,2.91091141096867,10.0,unibet,0.1,-0.0214065443121694,False,False
"Hovland, Viktor",18841,0.4622499999999999,0.4813984273494142,0.7246376811594204,0.71775,0.0167,59.880239520958085,0.0144583333333333,69.16426512968292,0.0856,11.682242990654206,0.0784692195767196,12.7438504600176,0.17495,5.715918833952558,0.1615189890896139,6.191222503535977,0.3339,2.994908655286014,0.318802629847005,3.13673698513687,0.3333414285714285,2.999927144626488,0.3182693143621714,3.1419931324640995,0.723,0.154,0.118,0.143,1.138,0.028,1.063,-6.799651020159697e-05,0.171978154247054,-0.0331734824280174,2.78943227265978,10.0,unibet,0.1,-0.02153078042328041,False,False
"Young, Cameron",26651,0.55105,0.5827164453738505,0.8130081300813008,0.74235,0.02665,37.5234521575985,0.0321166666666666,31.136481577581744,0.11805,8.470986869970352,0.1412405787037035,7.080118257641908,0.2184,4.5787545787545785,0.2533105032467535,3.947724185072125,0.3864,2.587991718426501,0.432161584040959,2.3139493118509646,0.3863190386002886,2.5885340873263734,0.4320710343340608,2.314434249315677,0.589,0.68,0.131,0.44,1.84,0.005,11.062,0.0812689158002234,0.0468435392319655,0.0419306566450544,2.86732292385198,6.0,unibet,0.16666666666666666,-0.025426087962963168,False,False
"Thomas, Justin",14139,0.25255,0.2756449709616435,0.6802721088435374,0.637,0.0096,104.16666666666669,0.0095666666666666,104.52961672473886,0.0553,18.083182640144663,0.0545728968253968,18.32411431629602,0.1137,8.795074758135444,0.1154710645141895,8.660178237788017,0.23785,4.204330460374186,0.2457083544464795,4.069865683862293,0.2378382201948378,4.204538695171856,0.2456961854469332,4.070067258801563,0.338,-0.021,0.401,0.318,1.036,-0.053,5.758,0.1508478463237647,0.182344959796203,-0.1721317113627,2.86631889124631,12.0,bet365,0.08333333333333333,-0.028760436507936527,False,False
"Im, Sungjae",17488,-0.00555,0.041806342686289,0.6024096385542169,0.5437,0.00325,307.6923076923077,0.0031916666666666,313.315926892952,0.02255,44.34589800443459,0.0232869047619047,42.942589847144845,0.05575,17.937219730941703,0.0585489433020683,17.0797275510295,0.1404,7.122507122507122,0.1507773334998335,6.632296624353715,0.1403843777056277,7.123299731376822,0.1507605565205699,6.633034681478899,-0.163,0.106,0.415,0.161,0.519,0.041,-2.787,-0.0026220684264898,0.181776177351351,0.103071648844422,2.79988299156827,19.0,betway,0.05263157894736842,-0.02934467418546372,False,False
"Fitzpatrick, Matt",17646,0.6069500000000001,0.6498731513901719,0.8264462809917356,0.7638,0.03135,31.897926634768737,0.0332,30.12048192771084,0.1316,7.598784194528876,0.144566041967292,6.917253778216114,0.2384,4.194630872483222,0.2609905276667775,3.8315566811557273,0.42065,2.377273267562106,0.450399950026825,2.2202489141938,0.4202359974747474,2.3796152781035644,0.4499566676859602,2.222436229565851,0.769,0.494,0.316,0.289,1.869,0.053,3.017,0.0073589236853078,0.351405556559411,-0.0562973341540074,2.79601510047239,5.7,draftkings,0.17543859649122806,-0.030872554523936058,False,False
"Smith, Cameron",15856,-0.16785,-0.0706192318400569,0.5617977528089888,0.5085,0.00265,377.35849056603774,0.00255,392.156862745098,0.01775,56.33802816901409,0.0181232175925925,55.17783996638238,0.04355,22.96211251435132,0.0457848701067451,21.84127633579719,0.1154,8.665511265164644,0.122993536116661,8.1305085744627,0.1152413101604278,8.677443866334883,0.1228244041884567,8.141704465064132,-0.28,-0.459,0.493,0.516,0.271,-0.051,-3.067,0.1512516742760724,0.387378015996121,0.0443686545265523,2.79088568685306,19.0,draftkings,0.05263157894736842,-0.03450836135477592,False,False
"Day, Jason",9771,0.0926,0.1472620398005219,0.6802721088435374,0.595,0.0054,185.1851851851852,0.0062916666666666,158.9403973509938,0.0341,29.32551319648094,0.0404704761904761,24.709370734691955,0.0793,12.61034047919294,0.0943756316137565,10.595955575615312,0.18555,5.3893829156561575,0.2144895978905355,4.66223075540637,0.1850836045327222,5.402963717530167,0.213950460319884,4.673979193617385,-0.006,0.1,0.339,0.37,0.802,0.013,-0.935,0.0507836588668825,0.271371786884738,0.0189976999721734,2.78498140330273,13.0,bet365,0.07692307692307693,-0.03645260073260083,False,False
"Spieth, Jordan",14636,0.329,0.432959096851897,0.7142857142857143,0.702,0.016,62.5,0.0133,75.18796992481204,0.08105,12.338062924120914,0.0717030522486772,13.946407700077335,0.1588,6.297229219143577,0.1475387301587299,6.777881298857236,0.31155,3.209757663296421,0.2992828375444,3.341320899671186,0.3112256654456655,3.2131026166111045,0.2989712735394732,3.344802957692756,0.445,0.227,0.146,0.129,0.947,-0.003,6.189,0.0503310341246847,0.498029269774307,0.0959424978040696,2.79147075577074,9.0,bet365,0.1111111111111111,-0.03940805886243391,False,False
"Matsuyama, Hideki",13562,0.46225,0.5614521312442644,0.7874015748031495,0.74335,0.024,41.66666666666666,0.0236916666666666,42.20893422441086,0.11125,8.98876404494382,0.113182972883598,8.835251226599613,0.2071,4.8285852245292125,0.2143101996151995,4.66613349152551,0.3813,2.622606871230003,0.392733892889518,2.5462533743715245,0.3799410804473304,2.63198704078704,0.3913342239515595,2.555360453533405,0.672,0.119,0.377,0.252,1.421,0.013,-0.074,0.0536817079063164,0.430149612762724,0.119716738742962,2.79275177435467,6.5,bet365,0.15384615384615385,-0.04066318096255586,False,False
"Schauffele, Xander",19895,0.6746500000000001,0.729958518423238,0.8264462809917356,0.787,0.0422,23.696682464454977,0.0442333333333333,22.60738507912584,0.1622,6.165228113440197,0.1727017625661375,5.790328860234082,0.27895,3.58487184083169,0.2960978306878304,3.377262162566393,0.4669,2.141786249732277,0.4872585703416955,2.052298432224063,0.4662412560478737,2.144812341311383,0.4865711027119369,2.0551980880624283,0.87,0.611,0.151,0.283,1.915,-0.003,11.232,0.0791186727930232,0.26416706941859,-0.000701382740776,2.84909154673809,4.65,draftkings,0.2150537634408602,-0.042352000874722684,False,False
"Rose, Justin",6093,0.33585,0.4412938589803382,0.6711409395973155,0.70185,0.0183,54.6448087431694,0.0134416666666666,74.39553626782403,0.08645,11.56737998843262,0.0694377350889851,14.401391386376453,0.1653,6.049606775559589,0.138120407046657,7.240059752084284,0.3186,3.138731952291274,0.280152969611407,3.5694784937924244,0.3184664177489177,3.140048508312141,0.280035507388155,3.570975728495415,0.531,0.106,0.06,0.113,0.812,0.001,2.368,0.0257955631754301,0.620886515751052,0.0357588449129718,2.86915360144772,8.1,draftkings,0.1234567901234568,-0.0540190550344717,False,False
"Koepka, Brooks",16243,0.26085,0.36135380912846,0.6329113924050632,0.6728,0.014,71.42857142857143,0.0098999999999999,101.01010101010102,0.0717,13.94700139470014,0.0555061011904762,18.01603749051611,0.1401,7.137758743754461,0.115081687109187,8.68947983923125,0.28365,3.5254715318173804,0.242837135133385,4.117986318075785,0.2841305248917749,3.519509212820056,0.2432485198965752,4.111021931089988,0.414,0.213,-0.017,-0.184,0.426,-0.027,6.358,0.0335830143257052,0.344777095547293,0.210353209656125,2.8846668725799,9.0,bet365,0.1111111111111111,-0.055605009920634905,False,False
"Reed, Patrick",14838,0.29885,0.3748997864181314,0.6802721088435374,0.68165,0.0094,106.38297872340424,0.0071666666666666,139.53488372093057,0.05745,17.40644038294169,0.0484649371693121,20.633473566807737,0.12985,7.701193685021178,0.1126281742794242,8.878773063647957,0.2751,3.635041802980734,0.2498293034280535,4.002733011213725,0.275523676046176,3.6294521558009634,0.2502140605763461,3.996577960873133,0.502,-0.037,0.158,0.162,0.785,0.008,-4.139,0.0159433014572229,0.428058121732719,0.0432620393338948,2.70208905958072,9.2,draftkings,0.10869565217391305,-0.060230715004600956,False,False
"Aberg, Ludvig",23950,0.50895,0.5823464843615865,0.819672131147541,0.74125,0.0269,37.17472118959108,0.0335416666666666,29.813664596273306,0.1164,8.59106529209622,0.1421881944444445,7.032932684089452,0.2173,4.601932811780948,0.2547587262506015,3.925282618253941,0.38835,2.574996781254024,0.4350907800185924,2.298370928377907,0.388294816017316,2.575362736636188,0.4350289542375432,2.298697570033373,0.554,0.605,0.192,0.338,1.69,0.013,12.023,0.0718762315741864,0.101735279725997,0.218804730439248,2.88387103788204,4.8,draftkings,0.20833333333333334,-0.06614513888888884,False,False
"McIlroy, Rory",10091,0.6602500000000001,0.6907494739089012,0.8333333333333334,0.77775,0.03795,26.35046113306983,0.0439083333333333,22.77472006073258,0.1558,6.418485237483954,0.175372681878307,5.702142370690954,0.27165,3.681207436039021,0.298733951997077,3.347460150795932,0.45075,2.2185246810870773,0.485407935710123,2.060122891351291,0.450463676046176,2.2199348208877385,0.4850995964547263,2.06143234772476,0.687,0.934,0.189,0.3,2.109,-0.011,19.378,0.1109277028902987,0.282596867787858,-0.170377984186687,2.85789975910193,3.7,draftkings,0.27027027027027023,-0.09489758839196322,False,False
"Rahm, Jon",19195,0.72795,0.7914843128538116,0.8620689655172414,0.80925,0.044,22.72727272727273,0.051225,19.521717911176182,0.17325,5.772005772005772,0.1972687205387205,5.069227383181192,0.3022,3.3090668431502315,0.3337048415704665,2.99666014821315,0.4972,2.011263073209976,0.5322698783623785,1.8787461786804,0.4967988113275614,2.012887263815645,0.5318403919466921,1.8802633555900223,0.847,0.808,0.295,0.306,2.257,0.015,12.869,0.0774203813515922,0.322327796911052,-0.0014946647658229,2.77485715675276,3.25,unibet,0.3076923076923077,-0.11042358715358722,False,False
"DeChambeau, Bryson",19841,0.49695,0.5508124231917005,0.8130081300813008,0.73095,0.02695,37.10575139146568,0.036,27.77777777777777,0.1142,8.756567425569177,0.144183740079365,6.9355948142942925,0.2107,4.746084480303749,0.252908296055796,3.9540023621027536,0.37525,2.6648900732844774,0.427137669182669,2.3411655589016704,0.3750230375180374,2.6665028543797207,0.4268793234783721,2.342582423181396,0.364,1.065,0.085,0.22,1.733,-0.011,21.258,0.0979808669407419,0.169038237316829,0.0445525710301387,2.92974634198194,3.6,unibet,0.2777777777777778,-0.1335940376984128,False,False
"Scheffler, Scottie",18417,0.76515,0.7998821668081932,0.9009009009009008,0.8123,0.04755,21.03049421661409,0.0752416666666665,13.290508361944877,0.1849,5.408328826392644,0.2526596792328039,3.95789309571072,0.3134,3.190810465858328,0.396309642047767,2.523279511527682,0.5067,1.9735543714229324,0.5895138064250565,1.6963131127737678,0.5051287372349873,1.9796933460445687,0.5876857403238198,1.7015896956237044,0.896,0.705,0.394,0.567,2.562,0.04,8.652,0.0741571192866763,0.304527899247912,-0.128892209681644,2.79677262524756,2.4,bet365,0.4166666666666667,-0.16400698743386277,False,False
