group_id,player_name,dg_id,odds,book,p_model,p_push,opponents,matchup_prior10_events,matchup_prior6_events,matchup_emp10_prob,matchup_lower_tail_signal,strategy_name,strategy_tier,strategy_rule,strategy_stake_multiplier,market_odds_best_dec,market_book_best,edge_prob,ev_per_unit,value_flag,strategy_qualified,bet_flag
0,"Aberg, Ludvig",23950,1.55,bet365,0.5088768881619252,0.0,"Chacarra, Eugenio",0,0,0.5,0.0,2-ball: DG strength + lower-tail floor,Tier 3 - experimental,matchup_lower_tail_v1,0.5,1.55,bet365,-0.1362844021606554,-0.2112408233490159,False,False,False
0,"Chacarra, Eugenio",26745,2.5,bet365,0.49112311183807483,0.0,"Aberg, Ludvig",0,0,0.5,0.0,2-ball: DG strength + lower-tail floor,Tier 3 - experimental,matchup_lower_tail_v1,0.5,2.5,bet365,0.09112311183807481,0.22780777959518705,True,False,False
1,"Olesen, Jacob Skov",25611,2.0,bet365,0.5008883620677862,0.0,"Ayora, Angel",0,0,0.5,0.0,2-ball: DG strength + lower-tail floor,Tier 3 - experimental,matchup_lower_tail_v1,0.5,2.0,bet365,0.000888362067786197,0.001776724135572394,True,False,False
1,"Ayora, Angel",30445,1.83,bet365,0.4991116379322139,0.0,"Olesen, Jacob Skov",0,0,0.5,0.0,2-ball: DG strength + lower-tail floor,Tier 3 - experimental,matchup_lower_tail_v1,0.5,1.83,bet365,-0.047336449499480016,-0.0866257025840485,False,False,False
2,"Hillier, Daniel",21362,1.9,bet365,0.5047299545600438,0.0,"Ballester, Jose Luis",0,0,0.5,0.0,2-ball: DG strength + lower-tail floor,Tier 3 - experimental,matchup_lower_tail_v1,0.5,1.9,bet365,-0.02158583491364041,-0.04101308633591688,False,False,False
2,"Ballester, Jose Luis",28473,1.9,bet365,0.4952700454399561,0.0,"Hillier, Daniel",0,0,0.5,0.0,2-ball: DG strength + lower-tail floor,Tier 3 - experimental,matchup_lower_tail_v1,0.5,1.9,bet365,-0.031045744033728062,-0.05898691366408343,False,False,False
3,"Brown, Dan",20766,2.05,bet365,0.49778891248513224,0.0,"Schaper, Jayden",0,0,0.5,0.0,2-ball: DG strength + lower-tail floor,Tier 3 - experimental,matchup_lower_tail_v1,0.5,2.05,bet365,0.009984034436351708,0.020467270594521025,True,False,False
3,"Schaper, Jayden",26991,1.8,bet365,0.5022110875148678,0.0,"Brown, Dan",0,0,0.5,0.0,2-ball: DG strength + lower-tail floor,Tier 3 - experimental,matchup_lower_tail_v1,0.5,1.8,bet365,-0.05334446804068782,-0.09602004247323803,False,False,False
4,"Ferguson, Ewen",21646,1.83,bet365,0.5059295613414848,0.0,"Hojgaard, Nicolai",0,0,0.5,0.0,2-ball: DG strength + lower-tail floor,Tier 3 - experimental,matchup_lower_tail_v1,0.5,1.83,bet365,-0.04051852609020912,-0.07414890274508273,False,False,False
4,"Hojgaard, Nicolai",23602,2.0,bet365,0.4940704386585152,0.0,"Ferguson, Ewen",0,0,0.5,0.0,2-ball: DG strength + lower-tail floor,Tier 3 - experimental,matchup_lower_tail_v1,0.5,2.0,bet365,-0.0059295613414848125,-0.011859122682969625,False,False,False
6,"Noren, Alex",10419,1.9,bet365,0.5011642526021676,0.0,"McKibbin, Tom",0,0,0.5,0.0,2-ball: DG strength + lower-tail floor,Tier 3 - experimental,matchup_lower_tail_v1,0.5,1.9,bet365,-0.02515153687151661,-0.04778792005588167,False,False,False
6,"McKibbin, Tom",22322,1.9,bet365,0.49883574739783243,0.0,"Noren, Alex",0,0,0.5,0.0,2-ball: DG strength + lower-tail floor,Tier 3 - experimental,matchup_lower_tail_v1,0.5,1.9,bet365,-0.02748004207585175,-0.05221207994411842,False,False,False
8,"Hatton, Tyrrell",14796,2.0,bet365,0.5029239269655864,0.0,"Penge, Marco",0,0,0.5,0.0,2-ball: DG strength + lower-tail floor,Tier 3 - experimental,matchup_lower_tail_v1,0.5,2.0,bet365,0.0029239269655864097,0.0058478539311728195,True,False,False
8,"Penge, Marco",22465,1.83,bet365,0.4970760730344136,0.0,"Hatton, Tyrrell",0,0,0.5,0.0,2-ball: DG strength + lower-tail floor,Tier 3 - experimental,matchup_lower_tail_v1,0.5,1.83,bet365,-0.04937201439728034,-0.0903507863470231,False,False,False
9,"Lindell, Oliver",20085,2.0,bet365,0.5,0.0,"Perez, Victor",0,0,0.5,0.0,2-ball: DG strength + lower-tail floor,Tier 3 - experimental,matchup_lower_tail_v1,0.5,2.0,bet365,0.0,0.0,False,False,False
9,"Perez, Victor",20730,1.83,bet365,0.5,0.0,"Lindell, Oliver",0,0,0.5,0.0,2-ball: DG strength + lower-tail floor,Tier 3 - experimental,matchup_lower_tail_v1,0.5,1.83,bet365,-0.04644808743169393,-0.08499999999999996,False,False,False
10,"Garcia, Sergio",5689,2.25,bet365,0.4966137337883457,0.0,"Puig, David",0,0,0.5,0.0,2-ball: DG strength + lower-tail floor,Tier 3 - experimental,matchup_lower_tail_v1,0.5,2.25,bet365,0.052169289343901304,0.11738090102377785,True,False,False
10,"Puig, David",28984,1.66,bet365,0.5033862662116543,0.0,"Garcia, Sergio",0,0,0.5,0.0,2-ball: DG strength + lower-tail floor,Tier 3 - experimental,matchup_lower_tail_v1,0.5,1.66,bet365,-0.09902337234256264,-0.16437879808865397,False,False,False
11,"Rose, Justin",6093,2.0,bet365,0.49786107801487045,0.0,"Detry, Thomas",0,0,0.5,0.0,2-ball: DG strength + lower-tail floor,Tier 3 - experimental,matchup_lower_tail_v1,0.5,2.0,bet365,-0.0021389219851295493,-0.004277843970259099,False,False,False
11,"Detry, Thomas",14181,1.83,bet365,0.5021389219851294,0.0,"Rose, Justin",0,0,0.5,0.0,2-ball: DG strength + lower-tail floor,Tier 3 - experimental,matchup_lower_tail_v1,0.5,1.83,bet365,-0.04430916544656449,-0.08108577276721307,False,False,False
12,"Rozner, Antoine",18770,2.15,bet365,0.5007501229306054,0.0,"Jordan, Matthew",0,0,0.5,0.0,2-ball: DG strength + lower-tail floor,Tier 3 - experimental,matchup_lower_tail_v1,0.5,2.15,bet365,0.035633843860837955,0.07661276430080155,True,False,False
12,"Jordan, Matthew",25601,1.72,bet365,0.4992498770693946,0.0,"Rozner, Antoine",0,0,0.5,0.0,2-ball: DG strength + lower-tail floor,Tier 3 - experimental,matchup_lower_tail_v1,0.5,1.72,bet365,-0.08214547176781473,-0.1412902114406413,False,False,False
