placed_at_utc,bet_type,strategy_name,strategy_tier,player_name,dg_id,market_book_best,market_odds_best_dec,stake_units,p_model,edge_prob,ev_per_unit,kelly_full,kelly_frac,strategy_rule,stake_multiplier,result_win_flag,return_units
2026-09-28 20:23:18,Miss Cut,Miss Cut: DataGolf core; ARG weakness tag,Tier 1 - core,"Lagergren, Joakim",14780,bet365,2.75,20.1,0.4186046511627906,0.0549682875264269,0.1511627906976741,0.08053171672541476,0.02013292918135369,standard,1.0,,
2026-09-28 20:23:18,Top 10,Top 10: DG anchor + putting overlay,Tier 2 - current-price / early value,"Fitzpatrick, Matt",17646,skybet,2.25,55.0,0.5666080758307225,0.122163631386278,0.2748681706191256,0.2198945364953005,0.054973634123825124,standard,1.0,,
2026-09-28 20:23:18,Top 10,Top 10: DG anchor + putting overlay,Tier 2 - current-price / early value,"MacIntyre, Robert",23323,skybet,2.88,33.6,0.4350777598349435,0.0878555376127213,0.2530239483246373,0.13458720655565812,0.03364680163891453,standard,1.0,,
2026-09-28 20:23:18,Top 10,Top 10: DG anchor + putting overlay,Tier 2 - current-price / early value,"Herbert, Lucas",17064,unibet,4.35,19.3,0.2892221138312094,0.0593370563599449,0.2581161951657608,0.077049610497242,0.0192624026243105,standard,1.0,,
2026-09-28 20:23:18,Top 10,Top 10: DG anchor + putting overlay,Tier 2 - current-price / early value,"Dean, Joe",16497,unibet,8.0,12.5,0.1686737438790053,0.0436737438790053,0.3493899510320424,0.04991285014743463,0.012478212536858657,standard,1.0,,
2026-09-28 20:23:18,Top 10,Top 10: DG anchor + putting overlay,Tier 2 - current-price / early value,"Detry, Thomas",14181,skybet,6.0,10.4,0.2014598593513208,0.0347931926846541,0.2087591561079247,0.04175183122158495,0.010437957805396237,standard,1.0,,
2026-09-28 20:23:18,Top 20,Top 20: DG anchor + OTT overlay,Tier 3 - experimental,"Kimsey, Nathan",18027,skybet,5.5,25.9,0.2665299685823497,0.0847117867641678,0.4659148272029232,0.10353662826731627,0.025884157066829068,standard,1.0,,
2026-09-28 20:23:18,Top 20,Top 20: DG anchor + OTT overlay,Tier 3 - experimental,"Dean, Joe",16497,unibet,4.0,22.1,0.3163657088113499,0.0663657088113499,0.2654628352453996,0.08848761174846653,0.022121902937116633,standard,1.0,,
2026-09-28 20:23:18,Top 20,Top 20: DG anchor + OTT overlay,Tier 3 - experimental,"Law, David",14784,skybet,6.5,9.5,0.1860052711000294,0.0321591172538755,0.2090342621501911,0.03800622948185292,0.00950155737046323,standard,1.0,,
2026-09-28 20:23:18,Top 20,Top 20: DG anchor + OTT overlay,Tier 3 - experimental,"Rosenmueller, Thomas",22736,skybet,6.0,8.2,0.200438074268245,0.0337714076015783,0.20262844560947,0.0328785076941118,0.00821962692352795,standard,1.0,,
2026-09-28 20:23:18,Top 20,Top 20: DG anchor + OTT overlay,Tier 3 - experimental,"Kinhult, Marcus",18514,skybet,9.0,7.0,0.136454009780322,0.0253428986692108,0.2280860880228978,0.027931096826711566,0.006982774206677892,standard,1.0,,
2026-09-28 20:23:18,Top 5,Top 5: DG anchor + total SG overlay,Tier 3 - semi-core,"Fitzpatrick, Matt",17646,skybet,3.4,42.6,0.4145078079408597,0.1203901608820361,0.4093265469989229,0.1705527279162179,0.042638181979054474,standard,1.0,,
2026-09-28 20:23:18,Top 5,Top 5: DG anchor + total SG overlay,Tier 3 - semi-core,"Fitzpatrick, Alex",25362,skybet,7.0,20.8,0.2143369591639821,0.0714798163068392,0.5003587141478747,0.08339311902464579,0.020848279756161447,standard,1.0,,
