player_name,dg_id,skill_pred,custom_pred,p_make_cut,p_make_cut_model,win_prob_model,win_fair_odds_dec,win_prob_anchored,win_fair_odds_dec_anchored,top5_prob_model,top5_fair_odds_dec,top5_prob_anchored,top5_fair_odds_dec_anchored,top10_prob_model,top10_fair_odds_dec,top10_prob_anchored,top10_fair_odds_dec_anchored,top20_prob_model,top20_fair_odds_dec,top20_prob_anchored,top20_fair_odds_dec_anchored,top20_prob_dh,top20_fair_odds_dec_dh,top20_prob_anchored_dh,top20_fair_odds_dec_anchored_dh,sg_app,sg_ott,sg_arg,sg_putt,sg_total,driving_acc,driving_dist,total_fit_adjustment,total_course_history_adjustment,timing_adjustment,std_deviation,make_cut_fair_odds_dec_model,p_miss_cut_model,miss_cut_fair_odds_dec_model,market_odds_best_dec,market_book_best,market_prob_best,edge_prob,ev_per_unit,value_flag,bet_flag
"Bhatia, Akshay",26096,0.4532,0.4591672507400066,0.9009009009009008,0.9613,0.06875,14.545454545454543,0.092325,10.83130246412131,0.24455,4.089143324473523,0.289151273148148,3.458397361050681,0.38785,2.578316359417301,0.4347649116855365,2.3000936209941787,0.59855,1.6707042018210676,0.6286171686646684,1.5907933315347345,0.5975134204684205,1.6736025765179472,0.6275285182758333,1.5935530750818323,0.673,0.165,0.038,0.38,1.256,0.009,1.263,0.0306203302741292,-0.06,0.0295260885629682,2.91265455717134,1.040257983980027,0.03869999999999996,25.839793281653776,,,,,,False,False
"Ayora, Angel",30445,0.2868,0.2860652565962859,0.8403361344537815,0.9425,0.04535,22.05071664829107,0.0504,19.84126984126984,0.1824,5.482456140350877,0.1938382377344875,5.158940834830346,0.31,3.2258064516129035,0.3205369246956745,3.1197653778871937,0.5064,1.9747235387045816,0.5066965866078366,1.9735676663911712,0.5041327652902653,1.983604456703441,0.504428024031886,1.982443386089088,0.28,0.568,-0.064,-0.028,0.755,-0.005,12.604,0.0317816967735258,-0.0108539370254583,-0.0168510811489685,2.99901238979963,1.0610079575596818,0.057499999999999996,17.39130434782609,,,,,,False,False
"Lindell, Oliver",20085,0.2453,0.2437726259480148,0.7936507936507936,0.94555,0.0373,26.80965147453083,0.033975,29.433406916850625,0.1571,6.365372374283896,0.1470473647186145,6.80052989670077,0.2797,3.575259206292456,0.2620077296777295,3.816681291158867,0.4826,2.072109407376709,0.4472883237133235,2.235694398856969,0.4806790308302808,2.080390314245021,0.4455079111981377,2.2446290511668474,0.51,-0.17,0.001,0.072,0.413,0.007,-4.698,-0.0267660390958951,-0.0162169681310982,0.0098003913207963,2.90540885966701,1.057585532229919,0.05445,18.36547291092746,,,,,,False,False
"Jarvis, Casey",26947,0.23015,0.2092442418948777,0.8064516129032259,0.9383,0.03785,26.42007926023778,0.0367833333333333,27.18622564567285,0.1508,6.631299734748011,0.1496404602573355,6.682684604687182,0.27405,3.6489691662105455,0.2673092815055315,3.740984953338804,0.46885,2.1328783192918843,0.4502971130721129,2.2207559652727658,0.4667113172938172,2.1426521340823883,0.4482430602868482,2.230932475251398,0.303,0.252,-0.143,0.148,0.559,0.034,-3.613,0.0521417098986037,0.076236628651226,-0.14965880263772,2.94224401729365,1.0657572205051689,0.06169999999999998,16.207455429497575,,,,,,False,False
"Bradbury, Dan",29971,0.14315,0.1718550849645283,0.7751937984496123,0.93565,0.0343,29.15451895043732,0.0314833333333333,31.76283748014821,0.1436,6.963788300835654,0.133704136904762,7.479200144063634,0.25465,3.9269585705870806,0.239593418988419,4.173737343129345,0.4449,2.2476961114857272,0.413975014985015,2.4156047196138104,0.4439454639804638,2.252528927841474,0.4130868287341918,2.420798559625507,0.278,0.161,-0.335,-0.165,-0.061,0.043,-0.193,0.1112830368531268,-0.06,0.102883906396078,2.93857501157517,1.0687757174157004,0.06435000000000002,15.540015540015535,,,,,,False,False
"Molinari, Francesco",7655,0.1362,0.1704217878629558,0.7042253521126761,0.9374,0.03055,32.733224222585925,0.02085,47.961630695443645,0.13475,7.421150278293135,0.0999613861832612,10.003862873276688,0.24765,4.037956793862305,0.1903806944444445,5.252633429655929,0.43905,2.277644915157727,0.3511053722203719,2.848147818633626,0.4387504711954711,2.279199831456095,0.3508658410225475,2.850092209277612,0.248,0.162,-0.077,-0.33,0.003,0.065,-6.25,0.108114114530426,-0.06,0.132051882049566,2.88484980007968,1.0667804565820354,0.06259999999999999,15.974440894568692,,,,,,False,False
"Puig, David",28984,0.1026,0.1229905234062443,0.8695652173913044,0.92235,0.0299,33.44481605351171,0.0605249999999999,16.522098306484924,0.1335,7.49063670411985,0.207518929172679,4.818837510326048,0.2395,4.175365344467641,0.3298239524827024,3.031920491136692,0.42195,2.369949046095509,0.506104343260906,1.975877135447703,0.4223906217393718,2.36747680590558,0.50663284326335,1.9738159760009784,-0.101,0.527,-0.088,0.352,0.69,-0.045,15.849,0.0020118174830457,-0.06,0.115946708289699,3.00325147561833,1.0841871306987585,0.07765,12.878300064391501,,,,,,False,False
"Fitzpatrick, Alex",25362,0.13575,0.1239096305223765,0.7518796992481203,0.9326,0.0264,37.87878787878788,0.0232,43.10344827586207,0.12575,7.952286282306163,0.1116568557599807,8.956010745543606,0.2364,4.230118443316413,0.2107485716135715,4.7449906414246055,0.42035,2.378969906030689,0.3782299731402855,2.6438941147297705,0.4211107534132534,2.374672201777424,0.3789144973297971,2.6391178143010627,0.14,0.147,0.141,0.079,0.507,0.033,-2.578,0.0349222945318293,0.0997337768331041,-0.101596438862308,2.9191825703897,1.072271070126528,0.06740000000000002,14.836795252225516,,,,,,False,False
"Campillo, Jorge",14016,0.08,0.1091168065042418,0.7692307692307692,0.93415,0.0253,39.52569169960474,0.0234833333333333,42.583392476933966,0.1212,8.25082508250825,0.1152226984126985,8.67884552068251,0.22475,4.4493882091212456,0.21431226498039,4.666088523172026,0.4117,2.428953121204761,0.385881538634976,2.591468883267692,0.4111948634698633,2.4319369934767936,0.3854080801422145,2.5946523996876314,0.226,-0.168,0.058,-0.081,0.035,0.002,-3.438,-0.0051839075985445,0.209544609105402,0.0957898340441307,2.88546486295783,1.0704918910239254,0.06584999999999996,15.18602885345483,,,,,,False,False
"Chacarra, Eugenio",26745,0.06695,0.0736179162446553,0.7407407407407407,0.9188,0.0274,36.496350364963504,0.022925,43.62050163576881,0.11975,8.350730688935283,0.1068560356541606,9.358385737203449,0.21845,4.577706569008926,0.198249562983313,5.0441473108526935,0.3957,2.527167045741724,0.3583530897112145,2.790543820358487,0.3952419798257298,2.5300956149468745,0.3579382983425013,2.793777599744657,-0.004,0.307,-0.038,-0.038,0.227,-0.013,6.138,-0.022538012994035,0.134600159873843,0.0109585477518332,2.99544991666471,1.08837614279495,0.08120000000000005,12.315270935960584,,,,,,False,False
"Ferguson, Ewen",21646,0.07685,0.0630991230727864,0.6993006993006994,0.9222,0.02165,46.18937644341801,0.0163166666666666,61.28702757916248,0.10645,9.394081728511038,0.0833589847883598,11.996307327145368,0.20785,4.811161895597786,0.1659791134559885,6.024854448118033,0.38545,2.594370216629913,0.3173420726033225,3.151173721771206,0.3860144516594516,2.5905765851539067,0.3178067872472316,3.146565901445237,0.098,0.141,-0.2,0.077,0.117,0.067,-4.92,0.1186150925269393,0.0379354006733779,-0.137545781067882,2.89742772344776,1.0843634786380394,0.07779999999999998,12.853470437017998,,,,,,False,False
"LaCroix, Frederic",23733,0.0350999999999999,0.0518159266987719,0.7194244604316548,0.91775,0.0218,45.87155963302752,0.018875,52.980132450331126,0.10745,9.306654257794325,0.0930285912698412,10.749383456741516,0.20285,4.929751047572098,0.178393280908906,5.605592289715418,0.37835,2.643055372010044,0.3343759277874905,2.9906459074875174,0.3787059762459762,2.640570951408705,0.3346905303711263,2.987834758548848,0.104,0.092,-0.194,-0.257,-0.254,0.013,0.801,0.0429284386617319,0.108993411979926,0.0348670611680121,2.94555559802756,1.089621356578589,0.08225000000000005,12.158054711246194,,,,,,False,False
"Lawrence, Thriston",18105,0.0306499999999999,0.0432755818940377,0.7352941176470588,0.9193,0.0227,44.05286343612335,0.0206333333333333,48.46526655896604,0.1067,9.37207122774133,0.0996467559523809,10.035449628464358,0.2032,4.921259842519685,0.1898178869047619,5.268207418733587,0.37475,2.66844563042028,0.3482962293724795,2.871119224579853,0.3740325781163282,2.673563904609906,0.3476294506214396,2.876626241569437,0.081,0.054,-0.162,-0.112,-0.139,0.01,-2.342,0.0148039748618936,-0.06,0.0707259220392417,2.98251397249682,1.0877841836179702,0.0807,12.391573729863694,,,,,,False,False
"Sullivan, Andy",15326,0.005,0.0114528533456395,0.7142857142857143,0.91995,0.0176,56.81818181818181,0.0144416666666666,69.24408540103873,0.09195,10.87547580206634,0.0796193296055796,12.559764129562849,0.1871,5.344735435595938,0.1624913723544975,6.154172898597724,0.3613,2.767783005812344,0.3172893064343065,3.1516977714691623,0.3616910012210012,2.764790930999629,0.3176326789951326,3.1482906707320377,0.07,-0.178,0.015,0.095,0.002,0.034,-10.779,0.0339165878953557,-0.0446321120238379,0.0264640007864791,2.89158075780467,1.087015598673841,0.08004999999999995,12.492192379762656,,,,,,False,False
"Couvra, Martin",27811,-0.02655,-0.0111901915448416,0.7352941176470588,0.91185,0.0177,56.49717514124293,0.017675,56.57708628005658,0.09335,10.712372790573111,0.091002325036075,10.988730228635156,0.18085,5.52944429084877,0.1760072525853775,5.681584055832703,0.34755,2.8772838440512154,0.3322047278994155,3.010191956999416,0.3468424386724387,2.883153525928265,0.3315284073173564,3.016332772481688,-0.095,0.122,-0.048,0.0,-0.021,0.028,-2.822,0.0307385689539975,0.0281834892610542,0.0543838854835296,2.94015369730471,1.0966716016888742,0.08814999999999995,11.344299489506529,,,,,,False,False
"Wiesberger, Bernd",9531,-0.0186499999999999,-0.0333491447193909,0.625,0.9079,0.0177,56.49717514124293,0.011775,84.92569002123142,0.0886,11.286681715575622,0.0634625958994709,15.757313198849738,0.17775,5.625879043600563,0.1310410168997668,7.631198411447759,0.3438,2.908667830133799,0.26433863007363,3.783026339061588,0.3438289765789766,2.908422698836445,0.2643609093906483,3.7827075202041,0.157,-0.194,0.024,-0.589,-0.603,0.016,-8.29,-0.0042491942151293,0.0482149237648702,-0.0834248574306077,2.9392183325009,1.1014428901861435,0.09209999999999996,10.857763300760048,,,,,,False,False
"Guerrier, Julien",10201,-0.0182,-0.0424822074545281,0.7092198581560284,0.9034,0.01695,58.99705014749263,0.015075,66.33499170812604,0.0896,11.160714285714286,0.0803056283068782,12.452427321515003,0.1768,5.656108597285067,0.159355332861583,6.275284184361788,0.34235,2.9209872937052723,0.307786665972916,3.249003646207325,0.3417756293706294,2.925896155444065,0.3072702832621032,3.254463755439033,-0.018,-0.044,-0.007,0.034,-0.036,-0.011,-0.007,-0.0292609572770437,-0.001334207267075,-0.10644700681735,2.95721716437014,1.1069293779056897,0.09660000000000002,10.351966873706003,,,,,,False,False
"Otaegui, Adrian",14975,-0.08345,-0.0274967803549582,0.7407407407407407,0.91185,0.0167,59.880239520958085,0.0155583333333333,64.27423674343859,0.08355,11.968880909634947,0.0808310317460317,12.37148627697794,0.17185,5.819028222286878,0.1646461736411735,6.073630366772929,0.3383,2.9559562518474727,0.3191119375994374,3.1336966191946147,0.3386015884115884,2.9533234167361506,0.3193964201958889,3.130905472849979,-0.012,-0.219,0.072,-0.293,-0.452,0.075,-13.687,0.1205665254597637,0.124150707024611,0.188445158739174,2.86280602000296,1.0966716016888742,0.08814999999999995,11.344299489506529,,,,,,False,False
"Armitage, Marcus",17813,-0.03865,-0.0324911745798893,0.7518796992481203,0.9112,0.01715,58.30903790087464,0.0178166666666666,56.12722170252579,0.08785,11.383039271485488,0.0926623424723424,10.7918704979693,0.1742,5.740528128587831,0.1806045946414695,5.53695769470964,0.3356,2.9797377830750893,0.336837025416713,2.968794771782777,0.3365887824675325,2.970984334858101,0.337829452547666,2.9600734703819382,0.037,-0.218,0.141,-0.186,-0.227,-0.011,-3.337,-0.0302472301121253,-0.0334015137911767,0.0542681206044102,2.91501482441267,1.0974539069359086,0.08879999999999999,11.261261261261263,,,,,,False,False
"Kimsey, Nathan",18027,-0.10215,-0.062255943933096,0.7692307692307692,0.90725,0.016,62.5,0.0195499999999999,51.15089514066496,0.08165,12.24739742804654,0.0944895965608465,10.583175676446569,0.16885,5.922416345869115,0.1842927925084175,5.426148176436826,0.326,3.067484662576687,0.340300009966885,2.9385835166367205,0.326156167027417,3.0660159184294646,0.3404630272705247,2.937176491723494,-0.291,0.31,-0.06,-0.136,-0.177,0.069,-2.205,0.153592929685364,0.212566346570643,0.0695322288491771,2.93383765704775,1.1022320198401765,0.09275,10.78167115902965,,,,,,False,False
"Laporta, Francesco",14987,-0.0487,-0.0671493491186877,0.7194244604316548,0.90715,0.01395,71.68458781362007,0.014025,71.30124777183602,0.07745,12.911555842479018,0.0764181216931217,13.085901326072618,0.1601,6.2460961898813245,0.1550464551189549,6.449679866803652,0.3219,3.1065548306927617,0.3040592641733265,3.2888325330878856,0.3228977879065379,3.096955251639717,0.3050017514571505,3.278669696886935,-0.116,0.126,0.017,-0.181,-0.155,0.048,-3.744,0.0929383975281065,0.121890714811621,-0.169188623060397,2.91101794935146,1.1023535247753955,0.09284999999999999,10.770059235325796,,,,,,False,False
"Coussaud, Ugo",20727,-0.09695,-0.098274486205103,0.6578947368421053,0.89595,0.01655,60.422960725075534,0.0129166666666666,77.41935483870978,0.0791,12.642225031605562,0.0649372652116402,15.399478200088216,0.1574,6.353240152477763,0.1318846193621195,7.582385306464512,0.3141,3.183699458771092,0.2664144306503679,3.753550427275321,0.3138260094072594,3.186479036230156,0.2661820363562943,3.7568275218296985,-0.15,-0.063,-0.075,0.088,-0.2,-0.064,5.592,-0.1423542703533925,0.0921818241974426,0.0415092481018207,3.00643740196279,1.1161337128187956,0.10404999999999998,9.610764055742434,,,,,,False,False
"Smylie, Elvis",24200,-0.1343,-0.1293613067927967,0.7692307692307692,0.89385,0.01455,68.72852233676976,0.0192916666666666,51.8358531317495,0.07205,13.879250520471894,0.0926235482804235,10.7963905352928,0.1486,6.729475100942126,0.17748261021386,5.634354818170844,0.3001,3.332222592469177,0.3311288858016985,3.0199721101917545,0.2994637402874902,3.339302444563016,0.3304268399180469,3.026388535047643,-0.257,-0.033,-0.021,0.174,-0.138,0.003,1.385,0.0274415088291382,-0.0017852548052663,0.0114190253227635,2.95300358288566,1.1187559433909493,0.10614999999999997,9.420631182289217,,,,,,False,False
"Crocker, Sean",23610,-0.16835,-0.1552562594032033,0.6329113924050632,0.8835,0.0126,79.36507936507937,0.0101416666666666,98.60312243221053,0.06865,14.56664238892935,0.0562472655122655,17.77864205295342,0.13985,7.150518412584912,0.1159212712981463,8.626544453847712,0.28525,3.5056967572305,0.238897528524716,4.185895124890509,0.2851756444943945,3.506610817950325,0.2388352556184185,4.186986537689713,-0.146,-0.095,-0.246,-0.397,-0.884,-0.008,1.419,-0.0111888423453501,-0.0710239326995815,0.0888191073315537,3.02151315907554,1.1318619128466327,0.11650000000000005,8.58369098712446,,,,,,False,False
"Olesen, Jacob Skov",25611,-0.10005,-0.1474478157303677,0.6535947712418301,0.88795,0.0124,80.64516129032258,0.0100916666666666,99.09165978530156,0.067,14.925373134328357,0.0565477017195767,17.684184672244637,0.13465,7.426661715558857,0.117732048923299,8.493863898108899,0.284,3.5211267605633805,0.247413882182632,4.041810391471228,0.2831300144300144,3.5319462756824223,0.2466559719456144,4.054229833204653,-0.13,-0.153,-0.092,0.189,-0.186,-0.005,-2.554,-0.0423821874443749,-0.06,-0.200797984929651,2.95586067035285,1.1261895376991948,0.11204999999999998,8.924587237840251,,,,,,False,False
"Gumberg, Jordan",23892,-0.20135,-0.1566047968188831,0.5882352941176471,0.88365,0.01275,78.43137254901961,0.0090499999999999,110.4972375690608,0.07,14.285714285714285,0.0512831316137566,19.49958921252289,0.1401,7.137758743754461,0.1061062629037629,9.424514374867654,0.28235,3.541703559412077,0.221638785508473,4.511845693910695,0.2828958422133422,3.5348699089252182,0.2220672601153241,4.503140172399475,-0.382,0.329,-0.342,-0.393,-0.788,0.07,-3.474,0.1412663889620829,-0.0426066394104154,0.163744481277147,3.03816466989034,1.131669778758558,0.11634999999999995,8.594757198109157,,,,,,False,False
"Lindberg, Mikael",20084,-0.1677,-0.1694643233861411,0.7142857142857143,0.87385,0.01495,66.88963210702342,0.0168583333333333,59.31784478497276,0.07025,14.234875444839856,0.0800019221981722,12.499699663751915,0.1412,7.0821529745042495,0.1545478842685095,6.470486508004295,0.2815,3.55239786856128,0.2914194149716025,3.431480363439222,0.2807168213730713,3.562308789009137,0.2906086389244345,3.441053933224693,-0.469,0.471,-0.164,-0.111,-0.273,-0.066,19.175,-0.0378901628596032,-0.0098010468340265,0.0125737262076028,3.09684321598288,1.1443611603822166,0.12614999999999998,7.927070947284979,,,,,,False,False
"Schmidt, Ben",27258,-0.16075,-0.1685963156061639,0.625,0.882,0.01205,82.98755186721992,0.0090499999999999,110.4972375690608,0.06375,15.68627450980392,0.0515406613756613,19.4021569244399,0.1341,7.457121551081283,0.109577463023088,9.125964157331325,0.2813,3.554923569143264,0.232811885625948,4.295313348420151,0.2807240427627928,3.562217151613849,0.2323352070250446,4.304125977309177,-0.155,-0.15,-0.37,-0.01,-0.684,-0.002,-1.604,-0.0125087608375005,-0.038817228661543,-0.0232728904466836,2.98574647261483,1.1337868480725624,0.118,8.474576271186441,,,,,,False,False
"Elvira, Manuel",26008,-0.14495,-0.1441794984115398,0.6451612903225806,0.89005,0.01235,80.97165991902834,0.0104083333333333,96.07686148919166,0.06525,15.32567049808429,0.0574791044372294,17.397626664348234,0.1398,7.153075822603719,0.121873398846524,8.205236002807363,0.27865,3.588731383455948,0.244224230711418,4.094597809099569,0.2791663675213675,3.5820933906856087,0.2446768036906763,4.087024126995762,-0.128,-0.139,-0.194,-0.204,-0.665,-0.027,-0.284,-0.0730453045775244,-0.0327004040712622,0.0485502612488787,2.99120916102146,1.123532385821021,0.10994999999999999,9.095043201455207,,,,,,False,False
"Ravetto, David",23416,-0.1582,-0.1786288755126413,0.6493506493506493,0.8824,0.01465,68.25938566552901,0.0117166666666666,85.34850640113811,0.06585,15.18602885345482,0.057597953042328,17.361728102821846,0.13325,7.504690431519699,0.1179415064333815,8.478779271526802,0.27445,3.643650938240116,0.241503628963629,4.140724527790025,0.2741385896048395,3.647789978935336,0.2412296018529412,4.145428224060252,-0.294,0.186,-0.15,-0.28,-0.538,-0.003,3.138,0.0099621065568547,-0.045013934543077,-0.0958719472058647,3.01931206702469,1.1332728921124209,0.11760000000000004,8.503401360544215,,,,,,False,False
"Manassero, Matteo",11460,-0.1178,-0.1704341474457191,0.5714285714285714,0.8879,0.0111,90.09009009009009,0.007325,136.51877133105802,0.0604,16.556291390728475,0.042337791005291,23.619560120059848,0.1263,7.917656373713381,0.0917883979677729,10.89462309115692,0.2723,3.672420124862284,0.2030263328569579,4.925469449840032,0.2716916161616162,3.6806435698227378,0.2025727230895084,4.936498778061751,0.093,-0.739,0.242,-0.084,-0.488,0.0,-15.323,-0.0888072298847757,0.177372837417061,-0.263110331640473,2.94238497054144,1.1262529564140105,0.11209999999999998,8.920606601248886,,,,,,False,False
"Jordan, Matthew",25601,-0.1831,-0.1669211360522986,0.7042253521126761,0.88635,0.0093,107.52688172043013,0.0105416666666666,94.86166007905152,0.05945,16.82085786375105,0.0624664285714285,16.00859890455445,0.12755,7.840062720501765,0.130398776246901,7.6687836249825665,0.27225,3.6730945821854912,0.267088236855737,3.74408102645169,0.2714390465090465,3.6840683492699786,0.266292658754467,3.755266873211258,-0.274,-0.218,0.081,0.14,-0.272,-0.022,-2.763,-0.0797590950495628,0.137125084436339,0.0864925961542035,2.93310496000862,1.1282224854741356,0.11365000000000003,8.798944126704793,,,,,,False,False
"Forrest, Grant",16475,-0.1853,-0.1967224425246774,0.684931506849315,0.87415,0.01205,82.98755186721992,0.0120333333333333,83.10249307479212,0.0654,15.29051987767584,0.0653822784391534,15.29466430159095,0.1312,7.621951219512194,0.131531633967884,7.602733805041678,0.26835,3.726476616359232,0.2613253420306545,3.826647627166201,0.2680378323065823,3.7308166216483856,0.2610213460207671,3.8311042956633865,-0.281,-0.109,-0.128,0.093,-0.426,-0.07,6.908,-0.120774757819519,-0.095195125825996,0.0270739477428713,2.99329371974866,1.1439684264714294,0.12585000000000002,7.94596742153357,,,,,,False,False
"Elvira Mijares, Ignacio",12988,-0.18615,-0.1774382198588123,0.6896551724137931,0.8831,0.00925,108.10810810810813,0.0092583333333332,108.0108010801084,0.0568,17.6056338028169,0.0564374867724867,17.718719545950787,0.1214,8.237232289950578,0.1189226446932694,8.408827457371503,0.2631,3.800836183960471,0.2511424887728015,3.981803337565312,0.2638301701076701,3.7903170800818415,0.2518394737141461,3.970783393293871,-0.198,-0.343,-0.031,0.116,-0.456,0.01,-8.692,-0.0274113217985424,0.116011955136675,0.0282615728210407,2.92060400949703,1.1323745895142112,0.1169,8.55431993156544,,,,,,False,False
"Robinson Thompson, Brandon",24497,-0.2158,-0.2041956819833655,0.6993006993006994,0.88055,0.01085,92.16589861751152,0.0112916666666666,88.56088560885621,0.0582,17.18213058419244,0.0613249506974507,16.30657650152127,0.12075,8.281573498964804,0.12573175986051,7.953439935219434,0.2592,3.858024691358025,0.258814598063973,3.8637696925921583,0.2587776569264069,3.864321255078012,0.2583928829681509,3.8700756325523815,-0.303,-0.173,-0.035,-0.024,-0.535,0.001,-1.43,0.0004697570624911,0.0311171539170669,0.05000742307266,2.96403652005724,1.1356538527056952,0.11944999999999995,8.371703641691088,,,,,,False,False
"Girrbach, Joel",15592,-0.21065,-0.2010100498863198,0.6134969325153374,0.87405,0.01085,92.16589861751152,0.0080333333333333,124.4813278008304,0.0609,16.420361247947454,0.0481371064814815,20.77399480553953,0.1239,8.071025020177563,0.1019413023781773,9.809566649347325,0.2575,3.883495145631068,0.2161533331830205,4.626345498698759,0.2583344864857364,3.8709504627258258,0.2168538265243335,4.611401219096257,-0.304,0.059,-0.338,-0.244,-0.827,0.091,-9.703,0.1654886065217894,-0.0002877812634789,-0.0344726073766238,2.98922915885191,1.1440993078199189,0.12595,7.939658594680428,,,,,,False,False
"Van Driel, Darius",13374,-0.2087,-0.1907064927051457,0.6172839506172839,0.88285,0.00945,105.82010582010582,0.0072416666666666,138.08975834292323,0.05615,17.809439002671418,0.0444590157527657,22.49262569286165,0.12,8.333333333333334,0.0972798485773485,10.279621264057436,0.25695,3.891807744697412,0.2119419677082175,4.718272698952712,0.2575719917582417,3.882409702909797,0.2124550097675288,4.706878887413452,-0.264,-0.156,-0.07,-0.175,-0.665,0.053,-11.053,0.0578076772466165,0.0259865784142871,0.0545670532473914,2.95021079192211,1.1326952483434332,0.11714999999999998,8.536064874093045,,,,,,False,False
"Hill, Calum",25131,-0.22925,-0.2276712739836054,0.6578947368421053,0.8757,0.0108,92.59259259259258,0.0097833333333333,102.21465076661023,0.057,17.543859649122805,0.0549598247354497,18.19510896938847,0.12135,8.240626287597857,0.115880962995338,8.629545131068948,0.25585,3.9085401602501455,0.2389618870828245,4.18476775609576,0.2555242823842824,3.913522388827619,0.2386576693923496,4.190102092868488,-0.319,-0.426,0.022,0.505,-0.218,-0.044,-0.774,-0.1104551299542075,0.0357119569845664,0.0541932058129354,2.98801420308168,1.1419435879867534,0.12429999999999997,8.045052292839905,,,,,,False,False
"Luiten, Joost",10158,-0.22465,-0.2066305296497898,0.6578947368421053,0.88105,0.0103,97.08737864077668,0.009125,109.5890410958904,0.0574,17.421602787456447,0.052246292989418,19.14011392545191,0.11795,8.47816871555744,0.1089295517676767,9.180245248165388,0.25275,3.9564787339268057,0.2306803621494245,4.335002731408252,0.252451812076812,3.9611519987653554,0.2304082114150641,4.340123096561738,-0.299,-0.136,-0.248,-0.014,-0.697,0.024,-3.629,0.0319619572275933,0.301937691929185,-0.0013680498450419,2.94271808481466,1.1350093638272516,0.11895,8.406893652795292,,,,,,False,False
"Schott, Freddy",27588,-0.24385,-0.2410578774566662,0.6289308176100629,0.8653,0.01065,93.89671361502349,0.0094833333333333,105.44815465729388,0.05955,16.79261125104954,0.0538841468253968,18.55833410966576,0.12335,8.107012565869477,0.110877772065897,9.018940238136084,0.251,3.98406374501992,0.2247277938149814,4.449827869637258,0.250769053030303,3.987732887754533,0.2245210200978968,4.453925960090396,-0.41,-0.033,-0.158,0.057,-0.545,-0.055,8.183,-0.1084097242949026,-0.147035032852592,0.104924233077268,3.08969933249697,1.155668554258639,0.13470000000000004,7.42390497401633,,,,,,False,False
"Frittelli, Dylan",11955,-0.26325,-0.2607065098089975,0.591715976331361,0.86815,0.0101,99.009900990099,0.007875,126.984126984127,0.05405,18.501387604070302,0.0430452882996633,23.231346321539725,0.1134,8.818342151675484,0.0928165112433862,10.77394513760348,0.2369,4.221190375685944,0.1981630030501905,5.046350653793438,0.2366558152958152,4.225545857599227,0.1979587465103839,5.0515575473577,-0.318,-0.309,0.073,-0.184,-0.739,-0.078,4.595,-0.1576286893885267,0.0229702831235974,0.0857892248683764,3.03094888816269,1.1518746760352474,0.13185000000000002,7.584376185058778,,,,,,False,False
"De Leo, Gregorio",26506,-0.2684,-0.2705324658139632,0.5952380952380952,0.86035,0.009,111.11111111111111,0.007075,141.3427561837456,0.05065,19.74333662388944,0.0420748478835979,23.767168517555863,0.10995,9.095043201455209,0.0922625767519517,10.838630734197933,0.2359,4.23908435777872,0.1994976174173049,5.012591192546529,0.2360165061327561,4.236991795131114,0.1995961451659245,5.01011679944369,-0.344,-0.148,-0.295,-0.127,-0.913,-0.001,-1.312,-0.0138466714283745,-0.06,0.0112610066443717,3.01625513390043,1.162317661416865,0.13965000000000005,7.160759040458286,,,,,,False,False
"Kobori, Kazuma",24369,-0.2678,-0.245554522758404,0.6711409395973155,0.8794,0.00665,150.37593984962407,0.0065416666666666,152.86624203821697,0.0447,22.371364653243848,0.0445444047619047,22.44950864974224,0.10355,9.657170449058423,0.1008328512228512,9.917402789591804,0.23315,4.2890842805061125,0.2243192292892294,4.457932577463676,0.2334738407425907,4.283135090506857,0.2246308042658128,4.451749185818112,-0.334,-0.38,-0.005,0.114,-0.606,0.102,-21.522,0.150916274057017,-0.0572170254966801,0.0500735055536413,2.83719013392986,1.137138958380714,0.12060000000000004,8.291873963515751,,,,,,False,False
"Cabrera Bello, Rafa",7457,-0.27095,-0.263036042619548,0.6493506493506493,0.868,0.00775,129.03225806451613,0.0069833333333333,143.1980906921248,0.04735,21.119324181626187,0.0445249410774411,22.459322254031186,0.1039,9.624639076034647,0.0978574169117919,10.21894948342438,0.23065,4.33557337957945,0.2145736813418065,4.660403800441135,0.2307236593961594,4.3341892314691925,0.2146422066736918,4.658915948997126,-0.254,-0.517,-0.128,0.108,-0.792,-0.008,-7.946,-0.0473620542080922,0.0379431822534773,0.0537650184429367,2.92222020551018,1.152073732718894,0.132,7.575757575757575,,,,,,False,False
"Soderberg, Sebastian",18517,-0.2654499999999999,-0.3032859539571017,0.5434782608695652,0.85295,0.0092,108.69565217391305,0.00635,157.48031496062993,0.0524,19.083969465648853,0.0386503174603174,25.873008702365947,0.10885,9.186954524575103,0.0824521587902838,12.128245211183486,0.2288,4.370629370629371,0.1777056453500205,5.62728324151062,0.2282582342657342,4.381002960164046,0.1772848637528342,5.6406394704636105,-0.206,-0.429,-0.197,-0.252,-1.084,-0.031,-1.85,-0.0686656615340744,0.0807465247561414,-0.175033570207507,3.08123158200549,1.172401664810364,0.14705000000000001,6.800408024481468,,,,,,False,False
"Norgaard, Niklas",15676,-0.3005,-0.3109237143814474,0.6451612903225806,0.85335,0.0081,123.4567901234568,0.0089416666666666,111.83597390493964,0.0455,21.97802197802197,0.0488195965608465,20.48357771153731,0.09975,10.025062656641603,0.1033057632876385,9.680002046116812,0.2226,4.492362982929021,0.217567850829726,4.596267307813896,0.2225601461038961,4.493167431392579,0.2175288978803885,4.5970903624486,-0.601,0.219,-0.336,0.089,-0.629,-0.062,14.544,-0.0653470971525487,0.0326195627344627,-0.0275999140145785,3.05759271904938,1.1718521122634322,0.14664999999999995,6.81895669962496,,,,,,False,False
"Katsuragawa, Yuto",20448,-0.31915,-0.3085685134949624,0.6060606060606061,0.8522,0.00715,139.86013986013987,0.0066333333333333,150.75376884422187,0.0483,20.70393374741201,0.0417568485449735,23.94816742271548,0.1024,9.765625,0.0899801482082732,11.113562490310004,0.22125,4.519774011299435,0.193815513213638,5.159545711378248,0.2211576137751137,4.521662098492614,0.1937345826663376,5.161701056348135,-0.487,-0.06,-0.088,-0.275,-0.91,0.032,-4.689,0.0523978806616031,-0.06,0.0417084921943864,3.02649456616373,1.1734334663224597,0.14780000000000004,6.765899864682001,,,,,,False,False
"Law, David",14784,-0.32865,-0.3245332287166846,0.5494505494505494,0.85025,0.00755,132.4503311258278,0.0053083333333333,188.38304552590384,0.0444,22.52252252252252,0.0328948881673881,30.39986015186991,0.09625,10.38961038961039,0.0743489706589706,13.450085335906984,0.2146,4.659832246039143,0.169095307319995,5.913824669939572,0.215103339022089,4.648928299050298,0.1694919162045536,5.89998639695085,-0.505,-0.166,-0.065,-0.029,-0.765,-0.026,-1.103,-0.0698911467484765,-0.0284567923080866,0.0626436278678372,3.00027071724754,1.1761246692149367,0.14975000000000005,6.677796327212018,,,,,,False,False
"Vaillant, Tom",28157,-0.30755,-0.3182098370443387,0.6578947368421053,0.8578,0.007,142.85714285714286,0.0072166666666666,138.56812933025435,0.0435,22.98850574712644,0.0453823214285714,22.03501206023428,0.0959,10.427528675703858,0.0980346623977874,10.200473746136636,0.2125,4.705882352941177,0.2116149944962445,4.725563055588421,0.2128950889388389,4.697149215533491,0.2120084379956229,4.71679339489613,-0.412,-0.365,-0.034,0.137,-0.673,-0.028,-3.318,-0.0727911443848624,-0.0115567725661018,-0.0140144198877371,2.95726763534976,1.165772907437631,0.1422,7.032348804500703,,,,,,False,False
"Fisher, Ross",9396,-0.3556499999999999,-0.3387369972339575,0.4878048780487805,0.84055,0.0077,129.87012987012986,0.0048416666666666,206.5404475043036,0.0447,22.371364653243848,0.0298040376984127,33.552500842973295,0.0968,10.330578512396697,0.0666758069708069,14.997943713494696,0.21115,4.735969689793985,0.1498739871702371,6.672271945792244,0.2098390517815517,4.76555718065781,0.1489434778807625,6.713956288845054,-0.372,-0.251,-0.283,-0.6,-1.505,-0.021,-2.217,-0.062130086280107,0.009577182894427,0.113235761246659,3.08211493262125,1.1896972220569864,0.15944999999999998,6.271558482282848,,,,,,False,False
"Garcia Rodriguez, Sebastian",12258,-0.3525,-0.3447877411238564,0.5649717514124294,0.8392,0.0086,116.27906976744184,0.0063583333333333,157.27391874180947,0.0475,21.05263157894737,0.0373577810846561,26.768185126785497,0.09845,10.15744032503809,0.0801350146150146,12.478939509828626,0.2106,4.748338081671415,0.1759920434889185,5.682075053938253,0.2100690476190476,4.76033957088939,0.1755483426602427,5.69643657607982,-0.419,-0.359,-0.063,-0.26,-1.1,-0.015,-9.511,-0.0875513675467571,-0.0150629128728586,0.0861027063723113,3.08757860113571,1.1916110581506196,0.16080000000000005,6.218905472636814,,,,,,False,False
"Gouveia, Ricardo",18722,-0.3293,-0.3419093007220488,0.591715976331361,0.84685,0.0071,140.8450704225352,0.0058416666666666,171.18402282453684,0.04375,22.857142857142858,0.0377529464285714,26.48799880804004,0.09585,10.432968179447052,0.08266657497595,12.096787610844258,0.2092,4.780114722753346,0.1819834865366115,5.495004074442873,0.2099730898268398,4.762515048117252,0.1826559988793184,5.474772283064757,-0.489,-0.009,-0.267,-0.314,-1.079,0.018,-3.416,0.0364444427114043,0.115938300526019,-0.110253300097451,3.03965489743498,1.1808466670602822,0.15315,6.52954619653934,,,,,,False,False
"Bryant, Davis",32550,-0.3334,-0.3308532827688389,0.5747126436781609,0.85075,0.00555,180.18018018018017,0.0048166666666666,207.6124567474056,0.042,23.809523809523807,0.0342916898148148,29.16158420306185,0.0922,10.845986984815616,0.0771989742664742,12.95353998549534,0.20845,4.797313504437515,0.1743595756095755,5.735274340419316,0.2082148773448773,4.802730778664039,0.174162905490298,5.741750788922767,-0.408,-0.314,-0.093,-0.212,-1.027,0.033,-10.581,0.0263499608079835,-0.06,0.0145586057518134,2.98773619582521,1.175433441081399,0.14925,6.700167504187605,,,,,,False,False
"Bairstow, Sam",28615,-0.3232,-0.3575920661022204,0.591715976331361,0.83735,0.00795,125.78616352201256,0.0068333333333333,146.34146341463486,0.04435,22.547914317925592,0.0399933829365079,25.004136348944623,0.0939,10.649627263045794,0.0852237223424723,11.733822139116269,0.20625,4.848484848484849,0.1842865321368444,5.426332507344792,0.2068228625541125,4.835055407563381,0.1847983908204249,5.4113025311553455,-0.512,-0.058,-0.219,-0.052,-0.84,-0.013,4.5,-0.0053721739063456,0.0317426508472079,-0.177209906269731,3.08876813483862,1.1942437451483847,0.16264999999999996,6.1481709191515534,,,,,,False,False
"Ahlawat, Veer",22897,-0.37865,-0.3504419850245254,0.6097560975609756,0.84465,0.0072,138.88888888888889,0.0060416666666666,165.5172413793108,0.04165,24.009603841536617,0.0377975496031746,26.45674152157235,0.09235,10.828370330265296,0.0841233507696007,11.887305853268092,0.2031,4.923682914820286,0.1846002671749545,5.417110252891737,0.2034356843156843,4.915558464405071,0.1849053750743231,5.408171609927769,-0.531,-0.212,-0.21,-0.126,-1.078,0.007,-4.295,0.0029214047935939,0.33354208258231,0.0561938518349987,3.02766795164062,1.183922334694844,0.15535,6.43707756678468,,,,,,False,False
"Aphibarnrat, Kiradech",12321,-0.3733000000000001,-0.3680572425838078,0.5617977528089888,0.83955,0.00735,136.0544217687075,0.0055833333333332,179.10447761194138,0.0417,23.980815347721823,0.0345669513588263,28.9293663655606,0.0905,11.049723756906078,0.0757819758944759,13.19574988902994,0.2013,4.967709885742672,0.1705736598470975,5.862569876828589,0.2018980637418137,4.952994503596602,0.1710804354122391,5.845203734666551,-0.535,-0.227,-0.096,-0.127,-0.986,0.002,-4.442,-0.0329303977777252,0.181866421566911,-0.0027876194219038,3.06367050367815,1.1911142874158775,0.16044999999999998,6.232471174820817,,,,,,False,False
"Cockerill, Aaron",15596,-0.37465,-0.3594089332745293,0.5747126436781609,0.8433,0.00665,150.37593984962407,0.0053,188.67924528301887,0.037,27.027027027027028,0.0315038955026455,31.74210630288646,0.0896,11.160714285714286,0.0754275131118881,13.25776177343424,0.2006,4.985044865403789,0.1713310141478889,5.836654881041111,0.2018794083694083,4.953452202367036,0.1724237476146887,5.79966514957485,-0.481,-0.288,-0.175,-0.206,-1.151,0.005,-4.428,0.0030932655703097,0.0848594532145931,0.0534438375385505,2.99579765819793,1.1858176212498517,0.15669999999999995,6.381620931716658,,,,,,False,False
"Dean, Joe",16497,-0.381,-0.4092591786949496,0.5434782608695652,0.82365,0.00665,150.37593984962407,0.005275,189.5734597156398,0.03835,26.07561929595828,0.0321541964285714,31.10013967294869,0.08575,11.661807580174926,0.0715022048784549,13.985582706154013,0.18925,5.284015852047556,0.158085780030155,6.325679639302467,0.1895092303529803,5.27678782789312,0.1583023223422204,6.317026719533426,-0.602,-0.148,-0.048,-0.081,-0.88,-0.024,3.067,-0.0463760563861592,0.0004019417396094,-0.118208350716571,3.09982604660774,1.21410793419535,0.17635,5.670541536716756,,,,,,False,False
"Baldwin, Matthew",13344,-0.4504,-0.4246984046746022,0.4524886877828054,0.82605,0.00645,155.03875968992247,0.00405,246.9135802469136,0.0357,28.01120448179272,0.0233108234126984,42.89852753357727,0.08135,12.292562999385371,0.054277830988456,18.423728100201416,0.18675,5.35475234270415,0.1291636735024235,7.742114891004838,0.1864678403540903,5.362855053724357,0.1289685207507242,7.7538301143489265,-0.612,-0.208,-0.282,-0.336,-1.439,0.025,-8.713,-0.001043567149408,0.0292394519232947,0.121719897220869,3.10399112085778,1.2105804733369652,0.17395000000000005,5.7487783845932725,,,,,,False,False
"Langasque, Romain",16652,-0.3645,-0.3858726520766482,0.6172839506172839,0.84655,0.00505,198.01980198019805,0.0052499999999999,190.4761904761905,0.0322,31.055900621118013,0.033684990079365,29.686812958647256,0.0765,13.0718954248366,0.0775133976440226,12.900995574887094,0.1848,5.411255411255412,0.178928428573741,5.588826817354372,0.1848101892551892,5.4109570691428805,0.1789382940900795,5.588518685086989,-0.556,-0.312,-0.031,0.224,-0.675,-0.036,-1.15,-0.0859389511892215,0.104164301602073,-0.0899348601891483,2.93062966853564,1.1812651349595416,0.15344999999999998,6.5167807103290984,,,,,,False,False
"Lagergren, Joakim",14780,-0.3779,-0.4394013641024626,0.6060606060606061,0.8208,0.00625,160.0,0.0067083333333333,149.06832298136715,0.03685,27.1370420624152,0.0384487704425204,26.00863404708779,0.07985,12.523481527864746,0.0824931316137566,12.122221334524284,0.17945,5.572582892170521,0.1788178752728755,5.592282082951736,0.1801064808802309,5.552271051617463,0.1794720436549327,5.571898439640438,-0.524,-0.312,-0.215,0.098,-0.953,-0.065,2.277,-0.1307445753440715,-0.0664945264424284,-0.22551090122967,3.08985386930794,1.2183235867446394,0.17920000000000003,5.580357142857142,,,,,,False,False
"Hidalgo Portillo, Angel",24127,-0.48145,-0.475290204196225,0.4830917874396135,0.814,0.00605,165.28925619834712,0.004075,245.3987730061349,0.0347,28.81844380403458,0.0255231779100529,39.18007403012798,0.07785,12.845215157353886,0.0575668981481481,17.37109401702528,0.1734,5.767012687427912,0.132407734476172,7.552428896666602,0.1739377902652902,5.749181925760918,0.1328183895548941,7.529077888620971,-0.632,-0.285,-0.304,-0.322,-1.543,0.0,-3.098,-0.0048778589308646,0.134685327647623,-0.0004334234275984,3.12410268718586,1.228501228501229,0.18600000000000005,5.376344086021504,,,,,,False,False
"Dantorp, Jens",14018,-0.41755,-0.454891566652444,0.4926108374384237,0.81755,0.00555,180.18018018018017,0.0036416666666666,274.5995423340974,0.03305,30.2571860816944,0.0238065509259259,42.00524482154087,0.0737,13.5685210312076,0.0545130853174603,18.344219450732584,0.1691,5.913660555884093,0.129129854057979,7.744142571020037,0.1695792321567321,5.896948507679044,0.1294958101695031,7.722257567183474,-0.435,-0.598,-0.305,0.017,-1.321,-0.002,-9.452,-0.0625884895724508,0.261418408775215,-0.220768190669798,3.05002213862209,1.223166778790288,0.18245,5.480953685941354,,,,,,False,False
"Hoshino, Rikuya",19190,-0.43465,-0.4814437652744772,0.5524861878453039,0.8187,0.00455,219.78021978021977,0.0041333333333333,241.9354838709697,0.028,35.714285714285715,0.0261211745430495,38.28311771937855,0.06615,15.11715797430083,0.061572426046176,16.241036194514297,0.1597,6.261740763932373,0.1456104556092055,6.8676386995439085,0.1606914195526695,6.223107635639697,0.1465144070980225,6.8252673563424375,-0.622,-0.343,-0.132,0.064,-1.033,0.007,-3.62,-0.0083202229623384,-0.06,-0.214808714891217,3.03151309512745,1.221448638084769,0.18130000000000002,5.515719801434087,,,,,,False,False
"Senior, Jack",15115,-0.4705500000000001,-0.4695670244540778,0.5102040816326531,0.8257,0.00425,235.2941176470588,0.0030333333333333,329.6703296703333,0.02715,36.83241252302026,0.0209418518518518,47.7512689457581,0.0667,14.992503748125936,0.0520280355986605,19.22040662295818,0.15945,6.271558482282847,0.1278893704906205,7.819258130395918,0.1597099093961594,6.261352246587945,0.1280978348936272,7.806533192621114,-0.608,-0.519,-0.11,0.046,-1.192,0.031,-12.912,0.0089515776516333,0.036537091476583,-0.0086951839653512,2.95166814455876,1.2110936175366356,0.1743,5.737234652897303,,,,,,False,False
"Sharma, Shubhankar",17081,-0.5351,-0.5149053484952831,0.5076142131979695,0.80625,0.00445,224.71910112359552,0.0033499999999999,298.5074626865672,0.02615,38.24091778202677,0.0212187202380952,47.12819570544314,0.06235,16.038492381716118,0.0513681277056277,19.46732428580308,0.1546,6.46830530401035,0.1275684942141189,7.838926109149938,0.1541772907647907,6.486039513598514,0.1272196948569,7.860418161864208,-0.668,-0.54,-0.354,0.027,-1.535,-0.0,-9.951,-0.0441970066365543,0.274729942944861,0.0543892751056465,3.04840214043326,1.2403100775193798,0.19374999999999998,5.161290322580646,,,,,,False,False
"Cantero Gutierrez, Ivan",19635,-0.5054500000000001,-0.5113280279520517,0.5376344086021505,0.79805,0.0049,204.08163265306123,0.0045416666666666,220.1834862385329,0.0291,34.36426116838488,0.0275620475589225,36.281774707128896,0.0675,14.814814814814811,0.0628735867604617,15.90493005926064,0.15345,6.516780710329098,0.141129348961224,7.085698384924563,0.1545845733433233,6.468950803901099,0.1421728262977634,7.033692907712358,-0.837,0.01,-0.143,-0.333,-1.302,-0.095,10.788,-0.1420111666301797,-0.06,0.0566154435548316,3.13846574539877,1.253054319904768,0.20194999999999996,4.951720722951227,,,,,,False,False
"Kinhult, Marcus",18514,-0.481,-0.5227116465407247,0.5263157894736842,0.8022,0.00455,219.78021978021977,0.003675,272.10884353741494,0.03125,32.0,0.0255308895502645,39.1682396350204,0.067,14.925373134328357,0.0565741693722943,17.675911305376097,0.15245,6.559527714004592,0.130920912767788,7.638199114710432,0.1531056646131646,6.531436981947016,0.1314839840017994,7.605489045618775,-0.717,-0.299,-0.127,0.008,-1.134,-0.012,-5.563,-0.0504336970520464,0.0912211253953755,-0.206146665526444,3.09392386360212,1.2465719272001994,0.19779999999999998,5.055611729019212,,,,,,False,False
"Celli, Filippo",23549,-0.5302,-0.5884195538145292,0.4566210045662101,0.7804,0.0043,232.5581395348837,0.0029,344.82758620689657,0.026,38.46153846153846,0.0193872222222222,51.58036507436175,0.0579,17.271157167530223,0.0443453427128427,22.550282370698504,0.13485,7.415647015202077,0.1056772278069153,9.462776614722683,0.1354616125541125,7.382165184254927,0.1061565271707308,9.420051942653576,-0.738,-0.29,-0.354,-0.164,-1.547,-0.029,0.846,-0.0703861698087974,-0.104636679923468,-0.22974551418738,3.15267302140769,1.2813941568426448,0.21960000000000002,4.553734061930783,,,,,,False,False
"Morrison, James",11061,-0.5982500000000001,-0.5834896148770116,0.4329004329004329,0.79045,0.0033,303.03030303030306,0.0021,476.19047619047615,0.0205,48.78048780487805,0.0142943055555555,69.95792807936341,0.05,20.0,0.0358956355218855,27.85854005538645,0.12815,7.803355442840422,0.0940599465118215,10.631517846699175,0.1282731367243867,7.795864555402927,0.0941503267982784,10.621312044328295,-0.789,-0.66,0.008,-0.001,-1.443,0.048,-19.461,0.010137300526682,0.261216570109073,0.0034291328243329,3.00026385249882,1.2651021569991776,0.20955000000000001,4.772130756382724,,,,,,False,False
"Williams, Robin",24093,-0.6542,-0.6557960131206498,0.4629629629629629,0.75855,0.00355,281.6901408450704,0.002725,366.9724770642202,0.021,47.61904761904761,0.0176094047619047,56.787836586239806,0.0504,19.84126984126984,0.0420331595719095,23.79074069578849,0.12205,8.19336337566571,0.1020956061299811,9.79474081114586,0.1233524567099567,8.106851105133137,0.1031851195036893,9.691319880326784,-0.975,-0.257,-0.244,-0.293,-1.769,-0.045,6.9,-0.0642363583433728,-0.06,0.039138113568437,3.19053634246623,1.318304660206974,0.24145000000000005,4.141644232760405,,,,,,False,False
"Molinari, Edoardo",7033,-0.5357000000000001,-0.5972793610988077,0.5154639175257733,0.78785,0.0026,384.61538461538464,0.0023583333333333,424.0282685512427,0.0181,55.24861878453038,0.0174087037037037,57.44253087536036,0.0458,21.83406113537118,0.0436056872294372,22.93278843969054,0.1219,8.203445447087777,0.112221678876679,8.91093423311645,0.1222760425685425,8.178216917998832,0.1125678653276301,8.883529922944597,-0.675,-0.613,-0.052,-0.06,-1.401,0.027,-14.359,0.0017095759001347,0.166524615356287,-0.350382747283178,2.97711408619516,1.2692771466649742,0.21214999999999995,4.713646005185011,,,,,,False,False
"Larrazabal, Pablo",9133,-0.64045,-0.6496127106168318,0.4484304932735426,0.76735,0.00245,408.16326530612247,0.001875,533.3333333333334,0.0182,54.94505494505494,0.0143375628306878,69.74686087231079,0.0459,21.78649237472767,0.0363677519240019,27.496887959687783,0.11455,8.729812309035356,0.0919960387182262,10.870033252876144,0.1150951048951049,8.68846681977811,0.0924338169027357,10.81855140800102,-0.749,-0.826,-0.054,-0.166,-1.795,-0.046,-10.15,-0.1477672819063994,0.319328755715122,-0.0517621010597402,3.07778964084045,1.3031862904802245,0.23265000000000002,4.298302170642596,,,,,,False,False
"Micheluzzi, David",19224,-0.66235,-0.6563559498355303,0.5128205128205129,0.7655,0.00255,392.156862745098,0.0024583333333333,406.7796610169546,0.0161,62.11180124223603,0.0170092261904762,58.79162219383735,0.04415,22.650056625141563,0.0432494122775373,23.121701483082948,0.11255,8.88494002665482,0.1063643987031485,9.40164201737173,0.1135239692252192,8.808712440419596,0.1072848398492685,9.320981430414257,-0.955,-0.612,0.053,0.106,-1.407,-0.047,-4.094,-0.129995561592659,-0.0528502816749672,0.10818060203742,3.06174728812655,1.3063357282821686,0.23450000000000004,4.264392324093816,,,,,,False,False
"Naidoo, Dylan",19429,-0.7929000000000002,-0.8536023660843629,0.3236245954692557,0.69315,0.0015,666.6666666666666,0.0009583333333333,1043.4782608696016,0.01295,77.22007722007721,0.0084108664021164,118.893815713013,0.03045,32.84072249589491,0.0210097415547415,47.59696816805044,0.0802,12.468827930174564,0.056270829008954,17.771197219093338,0.0798906421356421,12.517110555979166,0.056053773853245,17.840012032340763,-1.108,-0.502,-0.28,-0.3,-2.189,-0.042,-3.122,-0.1149798066819814,-0.06,-0.231021927080823,3.20847289339821,1.4426891726177593,0.30684999999999996,3.258921297050677,,,,,,False,False
